{
  "type": "footer",
  "name": "Footer Group",
  "sections": {
    "2f405e24-25c6-47fe-a25d-dd4f14148109": {
      "type": "footer-01",
      "blocks": {
        "402d35f7-7745-4a92-a747-8cc118cbc69c": {
          "type": "text",
          "settings": {
            "custom_width": "25",
            "show_border_left": false,
            "border_left_color": "#ffffff",
            "show_border_right": false,
            "border_right_color": "#ffffff",
            "heading": "",
            "logo_margin_bottom": 28,
            "subtext": "<p>685 Market Street<br\/>San Francisco, CA 94105,<br\/>United States<\/p>",
            "address_icon": "point_icon",
            "show_address_icon": false,
            "address_text": "",
            "phone_icon": "message_icon",
            "show_phone_icon": false,
            "phone_text": "<p>Call us: <a href=\"tel:091%20234-ELLA\">(090)-123-ELLA<\/a><\/p>",
            "email_icon": "envelope_icon",
            "show_email_icon": false,
            "email_text": "<p>Email: <a href=\"mailto:email@domain.com\">email@domain.com<\/a><\/p>",
            "icon_size": 16,
            "icon_color": "",
            "content_spacing": 5,
            "enable_custom_position_icon": false,
            "show_social": true,
            "social_heading": "",
            "enable_bg_social": false,
            "social_margin_top": 25,
            "social_icon_width": 17,
            "social_icon_padding": 5,
            "social_icon_border_width": 1,
            "social_icon_margin_right": 15,
            "social_color": "#232323",
            "social_border_color": "rgba(0,0,0,0)",
            "social_background_color": "rgba(0,0,0,0)",
            "social_background_color_gradient": "",
            "social_color_hover": "#282828",
            "social_border_color_hover": "#ffffff",
            "social_background_color_hover": "#ffffff",
            "social_background_color_gradient_hover": "",
            "social_box_hover_color": "#ffffff",
            "mg_bottom": 0
          }
        },
        "sections--14871415914547__2f405e24-25c6-47fe-a25d-dd4f14148109-1677137583d29ab826-0": {
          "type": "link_list",
          "settings": {
            "custom_width": "25",
            "heading": "Categories",
            "menu": "main-menu-1",
            "mg_bottom": 0
          }
        },
        "sections--14871415914547__2f405e24-25c6-47fe-a25d-dd4f14148109-1677137583d29ab826-1": {
          "type": "link_list",
          "settings": {
            "custom_width": "25",
            "heading": "Further Info.",
            "menu": "main-menu-1",
            "mg_bottom": 0
          }
        },
        "sections--14871415914547__2f405e24-25c6-47fe-a25d-dd4f14148109-1677137583d29ab826-3": {
          "type": "newsletter_with_social",
          "settings": {
            "custom_width": "25",
            "show_newsletter": true,
            "hidden_input_field": false,
            "heading": "Newsletter Sign Up",
            "subtext": "<p>Receive our latest updates about our products and promotions.<\/p>",
            "mg_top_des": 10,
            "mg_bottom_des": 15,
            "spacing_input": 10,
            "newsletter_form_width": 420,
            "input_text": "enter your email address",
            "input_color": "#646464",
            "input_color_bg": "#ffffff",
            "input_color_border": "#d7d7d7",
            "button_text": "Submit",
            "button_width": 130,
            "button_color": "#ffffff",
            "button_color_border": "#030303",
            "button_color_bg": "#030303",
            "button_color_bg_gradient": "",
            "button_color_hover": "#ffffff",
            "button_color_border_hover": "#ffffff",
            "button_color_bg_hover": "#232323",
            "button_color_bg_gradient_hover": "",
            "check_text": "",
            "check_text_color": "#808080",
            "check_text_fontsize": 14,
            "check_input_color": "#ffffff",
            "show_social": false,
            "swap_social_position": false,
            "social_heading": "",
            "enable_bg_social": false,
            "social_margin_top": 35,
            "social_icon_width": 12,
            "social_icon_padding": 12,
            "social_icon_border_width": 1,
            "social_icon_margin_right": 15,
            "social_color": "#282828",
            "social_border_color": "#ffffff",
            "social_background_color": "#ffffff",
            "social_background_color_gradient": "",
            "social_color_hover": "#282828",
            "social_border_color_hover": "#ffffff",
            "social_background_color_hover": "#ffffff",
            "social_background_color_gradient_hover": "",
            "social_box_hover_color": "#ffffff",
            "show_app_store": false,
            "top_spacing": 16,
            "app_store_heading": "",
            "heading_bottom_margin": 20,
            "app_store_link_1": "",
            "app_store_link_2": "",
            "logo_margin_bottom": 28,
            "content_subtext": "",
            "phone_icon": "message_icon",
            "show_phone_icon": false,
            "phone_text": "",
            "email_icon": "envelope_icon",
            "show_email_icon": false,
            "email_text": "",
            "icon_size": 16,
            "icon_color": "",
            "newsletter_margin_bottom": 45
          }
        },
        "73b78d60-8f6c-45c6-beea-b83209d34f45": {
          "type": "footer_bottom",
          "disabled": true,
          "settings": {
            "pdtop_footer_bottom": 20,
            "pdbottom_footer_bottom": 30,
            "border_top": true,
            "footer_bottom_color": "#808080",
            "border_top_color": "#282828",
            "footer_bottom_bg": "#ffffff",
            "footer_bottom_bg_gradient": "",
            "show_copyright": true,
            "show_shop_name": false,
            "enable_layout_grid": true,
            "text_fontsize": 14,
            "copyright_content": "<p>@2021 Ella Demo. Powered By Shopify. Shopify Themes By HaloThemes.Com<\/p>",
            "copyright_content_color": "#808080",
            "shop_name": "",
            "show_payment": true,
            "payment_margin_top": 0,
            "payment_type": "custom",
            "show_payment_visa": true,
            "show_payment_master": true,
            "show_payment_maestro": true,
            "show_payment_american_express": true,
            "show_payment_apple_pay": true,
            "show_payment_bitcoin": true,
            "show_payment_dankort": true,
            "show_payment_diners_club": false,
            "show_payment_discover": false,
            "show_payment_paypal": false,
            "show_payment_dogecoin": false,
            "show_payment_dwolla": false,
            "show_payment_forbrugsforeningen": false,
            "show_payment_jcb": false,
            "show_payment_litecoin": false,
            "show_payment_afterpay": false,
            "show_payment_google_pay": false,
            "show_payment_ideal": false,
            "show_payment_klarna": false,
            "show_payment_klarna-pay-later": false,
            "show_payment_shopify_pay": false,
            "show_payment_sofort": false
          }
        }
      },
      "block_order": [
        "402d35f7-7745-4a92-a747-8cc118cbc69c",
        "sections--14871415914547__2f405e24-25c6-47fe-a25d-dd4f14148109-1677137583d29ab826-0",
        "sections--14871415914547__2f405e24-25c6-47fe-a25d-dd4f14148109-1677137583d29ab826-1",
        "sections--14871415914547__2f405e24-25c6-47fe-a25d-dd4f14148109-1677137583d29ab826-3",
        "73b78d60-8f6c-45c6-beea-b83209d34f45"
      ],
      "settings": {
        "container": "1170",
        "padding_full_width": 0,
        "type_footer_heading": "font_1",
        "type_footer_heading_font_size": 16,
        "type_footer_heading_line_height": 28,
        "type_footer_heading_font_weight": "700",
        "type_footer_heading_text_transform": "uppercase",
        "type_footer_heading_margin_bottom": 12,
        "type_footer_heading_letter_spacing": "0em",
        "type_footer_link": "font_1",
        "type_footer_link_font_size": 14,
        "type_footer_link_font_weight": "400",
        "type_footer_link_text_transform": "capitalize",
        "type_footer_link_line_height": 35,
        "type_footer_link_letter_spacing": "0em",
        "enable_border_footer_top": false,
        "border_footer_top_color": "#282828",
        "pdtop_footer_top": 70,
        "pdbottom_footer_top": 60,
        "footer_top_bg": "#d2f8ff",
        "footer_top_bg_gradient": "",
        "show_footer_top_bg_img": false,
        "footer_top_bg_position_x": "center",
        "footer_top_bg_position_y": "center",
        "footer_top_bg_repeat": "no-repeat",
        "footer_top_bg_attachment": "fixed",
        "footer_top_bg_size": "contain",
        "footer_top_text_align": "left",
        "footer_top_title_color": "#1a2531",
        "footer_top_color_link": "#232323",
        "footer_top_color_link_hover": "#232323",
        "show_border_item": false,
        "space_border_item": 65,
        "footer_border_item": "#808080"
      }
    }
  },
  "order": [
    "2f405e24-25c6-47fe-a25d-dd4f14148109"
  ]
}
