{
  "type": "header",
  "name": "Header Group",
  "sections": {
    "announcement-bar": {
      "type": "announcement-bar",
      "blocks": {
        "announcement-bar-0": {
          "type": "announcement",
          "settings": {
            "type": "html",
            "text": "<div class=\"message\">\nMid-Season Sale Up To 70% Off. Shop Now\n<\/div>",
            "text_rich": "<p>Welcome to our store<\/p>",
            "btn_color": "#f84248",
            "btn_border_color": "#ffffff",
            "btn_bg_color": "#ffffff",
            "btn_bg_color_gradient": ""
          }
        }
      },
      "block_order": [
        "announcement-bar-0"
      ],
      "disabled": true,
      "settings": {
        "layout": "slider",
        "enable_close": false,
        "color_text": "#030303",
        "bg_color_text": "#eafcff",
        "bg_color_text_gradient": "",
        "font_size_text": 14,
        "font_style_text": "normal",
        "font_weight_text": "500",
        "arrow_active": false,
        "content_max_width": 38,
        "padding_top": 0,
        "padding_top_tablet": 0,
        "padding_top_mobile": 0,
        "padding_bottom": 0,
        "padding_bottom_tablet": 0,
        "padding_bottom_mobile": 0
      }
    },
    "deb8dcfc-6e5c-495d-ad01-12fa1389160b": {
      "type": "header-navigation-hamburger",
      "blocks": {
        "sections--14682829619277__deb8dcfc-6e5c-495d-ad01-12fa1389160b-16808376403fcfa6e6-0": {
          "type": "logo",
          "settings": {
            "logo_position": "always",
            "logo": "shopify:\/\/shop_images\/WhatsApp_Image_2025-11-14_at_9.22.53_PM-removebg-preview.png",
            "logo_width": 145,
            "logo_width_fixed": 100,
            "logo_text": "",
            "logo_font_size": 20,
            "logo_font_weight": "900",
            "logo_text_transform": "uppercase",
            "logo_color": "#000000"
          }
        },
        "sections--14682829619277__deb8dcfc-6e5c-495d-ad01-12fa1389160b-16808376403fcfa6e6-1": {
          "type": "main_menu",
          "settings": {
            "menu": "main-menu-1",
            "menu_top_spacing": 27,
            "menu_bottom_spacing": 27,
            "grid_gap_menu_item": 10,
            "alignment": "center",
            "bg_mega_menu": "#ffffff",
            "bg_mega_menu_gradient": "",
            "lv_1_color": "#232323",
            "lv_1_color_hover": "#232323",
            "lv_2_color": "#232323",
            "lv_2_color_hover": "#232323",
            "lv_3_color": "#232323",
            "lv_3_color_hover": "#232323",
            "sale_item_1": "",
            "sale_item_2": "",
            "sale_item_3": "",
            "sale_item_color": "#d12442",
            "label_position": "main_menu",
            "show_label_blink": true,
            "new_label_1": "Theme Demo",
            "new_label_2": "",
            "new_label_3": "Home 21 - Yoga, Home 22 - Eyes Wears, Home 23 - Plant+ Garden, Home 24 - Bicycle, Mobile Sticky Toolbar",
            "new_label_color": "#ffffff",
            "new_label_bg": "#06bfe2",
            "new_label_bg_gradient": "",
            "sale_label_1": "Buy Ella",
            "sale_label_2": "",
            "sale_label_3": "",
            "sale_label_color": "#ffffff",
            "sale_label_bg": "#ef6454",
            "sale_label_bg_gradient": "",
            "hot_label_1": "Product",
            "hot_label_2": "",
            "hot_label_3": "Bundle - Upsell, Variant Image Grouped, Home 02 - Trendy Style, Home 04 - High Fashion, Home 06 - SuperMarket, Home 15 - Automotive 2, Home 09 - Pet Supplies, Different Mobile Menu, Custom Options, Variant Metafield, Notify Me (Out Of Stock), Color Comparison",
            "hot_label_color": "#ffffff",
            "hot_label_bg": "#ffbb49",
            "hot_label_bg_gradient": ""
          }
        },
        "sections--14682829619277__deb8dcfc-6e5c-495d-ad01-12fa1389160b-16808376403fcfa6e6-2": {
          "type": "header_icons",
          "settings": {
            "icons_width": 24,
            "icons_layout": "icon",
            "icons_bold": "regular",
            "show_search": true,
            "search_icon": "2",
            "search_dropdown": "custom",
            "use_search_input": true,
            "search_input_style": "2",
            "show_customer": true,
            "customer_icon": "2",
            "text_font_size": 16,
            "show_wishlist": true,
            "show_wishlist_number": true,
            "wishlist_icon": "1",
            "show_cart": true,
            "show_cart_number": true,
            "show_cart_number_position": false,
            "cart_icon": "6",
            "show_language_currency": false,
            "language_currency_style": "style_1",
            "lang_cur_icon": "1",
            "show_search_sticky": true,
            "show_customer_sticky": true,
            "show_wishlist_sticky": true,
            "show_cart_sticky": true,
            "show_language_currency_sticky": true,
            "header_icons_color": "#232323",
            "header_icons_color_hover": "#232323",
            "search_input_color": "#232323",
            "search_input_bg": "#f0f0f0",
            "search_input_border": "#ffffff",
            "cart_count_bubble_color": "#ffffff",
            "cart_count_bubble_bg": "#1a2531",
            "cart_count_bubble_bg_gradient": "",
            "wishlist_color_item": "#ffffff",
            "wishlist_bg_item": "#232323"
          }
        }
      },
      "block_order": [
        "sections--14682829619277__deb8dcfc-6e5c-495d-ad01-12fa1389160b-16808376403fcfa6e6-0",
        "sections--14682829619277__deb8dcfc-6e5c-495d-ad01-12fa1389160b-16808376403fcfa6e6-1",
        "sections--14682829619277__deb8dcfc-6e5c-495d-ad01-12fa1389160b-16808376403fcfa6e6-2"
      ],
      "custom_css": [
        "@media screen and (min-width: 1025px) {.header-nav-hamburger--style1 .header-item--side {min-width: 0px; }}"
      ],
      "settings": {
        "container": "1370",
        "padding_full_width": 60,
        "header_layout_style": "style_1",
        "header_navigation_bg": "#ffffff",
        "header_navigation_bg_gradient": "",
        "sticky_header_type": "on_scroll",
        "sticky_header_width": "default",
        "enable_transparent": false,
        "transparent_color": "#ffffff",
        "transparent_color_hover": "#ffffff",
        "border_color": "",
        "padding_top": 0,
        "padding_bottom": 0
      }
    },
    "header-mobile": {
      "type": "header-mobile",
      "blocks": {
        "7de2266e-0cd4-4fda-9f09-06f75a17f944": {
          "type": "menu",
          "settings": {
            "color": "#232323",
            "menu_tab_bg": "#000000"
          }
        },
        "163e2cb5-14f2-4af6-9ac3-77193c082f53": {
          "type": "search",
          "settings": {
            "icon": "1",
            "popup_action": false,
            "color": "#232323"
          }
        },
        "550fbd21-75fb-4051-9dee-77d91b5239f0": {
          "type": "logo",
          "settings": {
            "logo_mobile": "shopify:\/\/shop_images\/WhatsApp_Image_2025-11-14_at_9.22.53_PM-removebg-preview.png",
            "logo_width_mobile": 91,
            "logo_text": "",
            "logo_font_size": 20,
            "logo_font_weight": "900",
            "logo_text_transform": "uppercase",
            "logo_color": "#232323",
            "alignment": "center"
          }
        },
        "20dae707-64c0-4ea3-a05e-561cae9836d8": {
          "type": "customer",
          "settings": {
            "icon": "2",
            "color": "#232323"
          }
        },
        "633f9dae-3f65-4bda-9ca8-9d3e231aaf9d": {
          "type": "cart",
          "settings": {
            "icon": "2",
            "show_cart_count_bubble": true,
            "color": "#232323",
            "color_bubble": "#ffffff",
            "bg_bubble": "#232323"
          }
        }
      },
      "block_order": [
        "7de2266e-0cd4-4fda-9f09-06f75a17f944",
        "163e2cb5-14f2-4af6-9ac3-77193c082f53",
        "550fbd21-75fb-4051-9dee-77d91b5239f0",
        "20dae707-64c0-4ea3-a05e-561cae9836d8",
        "633f9dae-3f65-4bda-9ca8-9d3e231aaf9d"
      ],
      "settings": {
        "background": "#ffffff",
        "gradient": "",
        "sticky_header_type": "on_scroll",
        "enable_transparent": false,
        "transparent_color": "#ffffff",
        "transparent_border_color": "",
        "padding_top": 0,
        "padding_bottom": 0
      }
    }
  },
  "order": [
    "announcement-bar",
    "deb8dcfc-6e5c-495d-ad01-12fa1389160b",
    "header-mobile"
  ]
}
