{
  "sections": {
    "main": {
      "type": "main-404",
      "settings": {
        "background_image": "shopify:\/\/shop_images\/not-found-image_77ab7954-4829-4494-bbb0-1cd7fe193d98.jpg",
        "background_image_mb": "shopify:\/\/shop_images\/not-found-image-mb_c34b40a8-6f5d-447b-a508-f6277a339ca9.jpg",
        "background_color": "#eeeeee",
        "text_color": "#232323",
        "border_color": "#efc3c0",
        "alignment": "30",
        "mg_top_desktop": 0,
        "mg_top_tablet": 0,
        "mg_top_mobile": 0,
        "mg_bottom_desktop": 0,
        "mg_bottom_tablet": 0,
        "mg_bottom_mobile": 0
      }
    }
  },
  "order": [
    "main"
  ]
}
