{
  "sections": {
    "banner": {
      "type": "main-collection-banner",
      "settings": {
        "container": "default",
        "padding_full_width": 0,
        "layout": "1",
        "show_breadcrumb": true,
        "breadcrumb_alignment": "left",
        "breadcrumb_color": "#999999",
        "breadcrumb_bg": "rgba(0,0,0,0)",
        "breadcrumb_gradient": "",
        "breadcrumb_color_mb": "",
        "breadcrumb_bg_mb": "#f6f6f6",
        "breadcrumb_gradient_mb": "",
        "show_page_title": false,
        "page_title_alignment": "left",
        "mg_top_desktop": 0,
        "mg_top_tablet": 0,
        "mg_top_mobile": 0,
        "mg_bottom_desktop": 0,
        "mg_bottom_tablet": 0,
        "mg_bottom_mobile": 0
      }
    },
    "product-grid": {
      "type": "main-collection-product-grid",
      "blocks": {
        "8472dad8-3289-4746-8b7f-e6ebe3175dd5": {
          "type": "lookbook",
          "disabled": true,
          "settings": {
            "show_image": false,
            "link": "",
            "show_title": true,
            "page_title_alignment": "left",
            "page_title_text_transform": "none",
            "fontsize_title": 24,
            "margin_top_title": 30,
            "title_color": "#232323",
            "show_collection_description": true,
            "desc_alignment": "left",
            "desc_pos": "top",
            "fontsize_des": 12,
            "margin_top_des": 12,
            "margin_bottom": 25,
            "des_color": "#3c3c3c"
          }
        },
        "80b0a11c-fb01-4b89-8a29-1dbb2a1db16a": {
          "type": "category",
          "disabled": true,
          "settings": {
            "heading": "Categories",
            "type": "1_level",
            "link_list": ""
          }
        },
        "ce351101-2c54-4627-b740-b2c592067b4a": {
          "type": "filter",
          "disabled": true,
          "settings": {
            "heading": "Color",
            "list_tags": "White,Black,Blue,Invory,Beige,Brown,Silver,Olive,Gainsboro,DimGray,Burlywood,Lightblue,Salmon,LightPink,LightCoral"
          }
        },
        "6684d566-6940-4457-9cf9-f1a8a6e80573": {
          "type": "filter",
          "disabled": true,
          "settings": {
            "heading": "Size",
            "list_tags": "S,XS,M,L,XL"
          }
        },
        "3978fd59-b580-49e1-9893-38d762f48f10": {
          "type": "product_block",
          "disabled": true,
          "settings": {
            "heading": "Featured Products",
            "product_block_collection": "collection-home-1-2",
            "product_block_layout": "slider",
            "product_block_limit": 3,
            "product_block_dots": false,
            "product_block_arrows": true
          }
        }
      },
      "block_order": [
        "8472dad8-3289-4746-8b7f-e6ebe3175dd5",
        "80b0a11c-fb01-4b89-8a29-1dbb2a1db16a",
        "ce351101-2c54-4627-b740-b2c592067b4a",
        "6684d566-6940-4457-9cf9-f1a8a6e80573",
        "3978fd59-b580-49e1-9893-38d762f48f10"
      ],
      "custom_css": [
        "facets-vertical #CollectionFiltersForm .sidebarBlock-content,.page-sidebar #CollectionFiltersForm .sidebarBlock-content {padding: 0px 0 0px;}"
      ],
      "settings": {
        "container": "1170",
        "padding_full_width": 0,
        "colors_bg": "rgba(0,0,0,0)",
        "colors_bg_gradient": "",
        "sidebar_collapse": "collapse",
        "enable_sticky": false,
        "sidebar_layout": "layout_1",
        "sidebar_collapse_default": "expand",
        "sidebar_type": "horizontal",
        "sidebar_position": "left",
        "sidebar_heading_font": "font_1",
        "sidebar_heading_font_size": 14,
        "sidebar_heading_font_weight": "700",
        "sidebar_heading_text_transform": "uppercase",
        "show_filter": true,
        "filter_swatch": "price",
        "filter_swatch_type": "png",
        "filter_swatch_layout": "color",
        "filter_rectangle": "Size",
        "filter_display_type": "show-more",
        "max_item_per_filter": 10,
        "filter_label_all": "",
        "filter_hidden_tag_list": "",
        "show_toolbar": true,
        "show_sorting": false,
        "show_item_per_page": false,
        "show_view_as": false,
        "products_per_page": "20",
        "layout": "4",
        "show_infinite_scrolling": "show_more",
        "show_banner": false,
        "show_banner_1": false,
        "banner_position_1": "4",
        "link_banner_1": "",
        "show_banner_2": false,
        "banner_position_2": "5",
        "link_banner_2": "",
        "show_banner_3": false,
        "banner_position_3": "12",
        "link_banner_3": "",
        "product_space_between_vert_desk": 0,
        "product_space_between_vert_mb": 16,
        "product_space_between_horiz_desk": 60,
        "product_space_between_horiz_mb": 30,
        "mg_top_desktop": 0,
        "mg_top_tablet": 0,
        "mg_top_mobile": 0,
        "mg_bottom_desktop": 0,
        "mg_bottom_tablet": 0,
        "mg_bottom_mobile": 0
      }
    },
    "product-recently-viewed": {
      "type": "product-recently-viewed",
      "disabled": true,
      "settings": {
        "display_product_recently_viewed": true,
        "product_recently_viewed_container": "container",
        "padding_full_width": 0,
        "enable_border_top": true,
        "enable_border_bottom": false,
        "color_border_bottom": "#e8e8e8",
        "border_style": "container",
        "mg_top_desktop": 0,
        "mg_top_tablet": 0,
        "mg_top_mobile": 0,
        "mg_bottom_desktop": 0,
        "mg_bottom_tablet": 0,
        "mg_bottom_mobile": 0,
        "product_recently_viewed_layout": "slider",
        "product_bg": "#ffffff",
        "product_bg_gradient": "",
        "style_block_header": "style1",
        "product_recently_viewed_title": "Recently Viewed Products",
        "enable_border_title": false,
        "mg_top_title": 26,
        "mg_bottom_title": 3,
        "fontsize_title": 18,
        "fontsize_title_mb": 18,
        "border_color_title": "#232323",
        "color_title": "#232323",
        "product_recently_viewed_title_align": "center",
        "product_recently_viewed_limit": 10,
        "product_recently_viewed_image_ratio": "adapt",
        "grid_gap": 30,
        "product_recently_viewed_per_row": "5",
        "product_recently_viewed_swipe_on_mobile": true,
        "product_recently_viewed_dots": false,
        "product_recently_viewed_dots_mb": true,
        "product_recently_viewed_arrows": true,
        "product_recently_viewed_arrows_mb": false,
        "product_recently_viewed_show": "5",
        "product_block_per_view": "4",
        "show_half": true,
        "scroll_height": 4,
        "scroll_track_bg": "#f1f1f1",
        "scroll_thumb_color": "#000000",
        "scroll_thumb_hover_color": "#444444",
        "enable_layout_special": false,
        "bg_card": "#ffffff",
        "padding_card": 15,
        "border_radius_card": 5,
        "border_layout_card": "full",
        "border_width_card": 5,
        "border_color_card": "#f0f1f4"
      }
    }
  },
  "order": [
    "banner",
    "product-grid",
    "product-recently-viewed"
  ]
}
