{
  "sections": {
    "main": {
      "type": "main-portfolio-2-page",
      "blocks": {
        "2629946d-330f-4890-a4bb-e328f50ecab1": {
          "type": "gallery",
          "settings": {
            "gallery_name": "Cosmopolis",
            "thumbnail": "shopify:\/\/shop_images\/shoes.jpg",
            "gallery_title": "",
            "gallery_description": "",
            "gallery_text_color": "",
            "gallery_content_background_color": "",
            "thumbnail_action": "show_images",
            "thumbnail_link": "",
            "thumbnail_image_1": "shopify:\/\/shop_images\/shoes.jpg",
            "thumbnail_image_2": "shopify:\/\/shop_images\/pinky-purse.jpg"
          }
        },
        "c2e7fbbd-1501-4193-9cc1-1e111587f591": {
          "type": "gallery",
          "settings": {
            "gallery_name": "Suitó",
            "thumbnail": "shopify:\/\/shop_images\/green-girl.jpg",
            "gallery_title": "",
            "gallery_description": "",
            "gallery_text_color": "",
            "gallery_content_background_color": "",
            "thumbnail_action": "to_link",
            "thumbnail_link": "shopify:\/\/collections\/blazero"
          }
        },
        "bf703cb2-6b43-42a2-b96e-4178b7492b92": {
          "type": "gallery",
          "settings": {
            "gallery_name": "Milancélos",
            "thumbnail": "shopify:\/\/shop_images\/pinky-purse.jpg",
            "gallery_title": "",
            "gallery_description": "",
            "gallery_text_color": "",
            "gallery_content_background_color": "",
            "thumbnail_action": "show_images",
            "thumbnail_link": "",
            "thumbnail_image_1": "shopify:\/\/shop_images\/pinky-purse.jpg",
            "thumbnail_image_2": "shopify:\/\/shop_images\/sweater_cc1c0924-dd7d-4b22-ad6e-d4ee93cc7587.jpg"
          }
        },
        "129dad92-6805-45ce-9c33-77b69082e5ad": {
          "type": "gallery",
          "settings": {
            "gallery_name": "Suitó",
            "thumbnail": "shopify:\/\/shop_images\/man_e2ef5eff-4ad4-4d27-aef2-64618aa39d89.jpg",
            "gallery_title": "",
            "gallery_description": "",
            "gallery_text_color": "",
            "gallery_content_background_color": "",
            "thumbnail_action": "to_link",
            "thumbnail_link": "shopify:\/\/products\/aeque-mollis-urnan-lementum",
            "thumbnail_image_1": "shopify:\/\/shop_images\/man_e2ef5eff-4ad4-4d27-aef2-64618aa39d89.jpg"
          }
        },
        "9693e992-b0d9-43dc-bc03-cbbe0b3799f8": {
          "type": "gallery",
          "settings": {
            "gallery_name": "Cosmopolis",
            "thumbnail": "shopify:\/\/shop_images\/black-purse.jpg",
            "gallery_title": "",
            "gallery_description": "",
            "gallery_text_color": "",
            "gallery_content_background_color": "",
            "thumbnail_action": "show_images",
            "thumbnail_link": "",
            "thumbnail_image_1": "shopify:\/\/shop_images\/black-purse.jpg",
            "thumbnail_image_2": "shopify:\/\/shop_images\/sweater_cc1c0924-dd7d-4b22-ad6e-d4ee93cc7587.jpg"
          }
        },
        "32f88c4e-4ee5-4c6e-af5c-1ee2ac00e8e1": {
          "type": "gallery",
          "settings": {
            "gallery_name": "Milancélos",
            "thumbnail": "shopify:\/\/shop_images\/yellow-gown_d731c7cc-b3b3-4e15-909d-ac2dc40dead1.jpg",
            "gallery_title": "",
            "gallery_description": "",
            "gallery_text_color": "",
            "gallery_content_background_color": "",
            "thumbnail_action": "show_images",
            "thumbnail_link": "",
            "thumbnail_image_1": "shopify:\/\/shop_images\/yellow-gown_d731c7cc-b3b3-4e15-909d-ac2dc40dead1.jpg",
            "thumbnail_image_2": "shopify:\/\/shop_images\/summer-vibe.jpg"
          }
        },
        "2c80974b-fb1b-4dbc-92a6-1da336df3636": {
          "type": "gallery",
          "settings": {
            "gallery_name": "Blazéro",
            "thumbnail": "shopify:\/\/shop_images\/pants_55a1850b-2793-4e49-99a6-9fa7c9212cde.jpg",
            "gallery_title": "",
            "gallery_description": "",
            "gallery_text_color": "",
            "gallery_content_background_color": "",
            "thumbnail_action": "to_link",
            "thumbnail_link": "shopify:\/\/collections"
          }
        },
        "7c89b11d-0c24-4d04-9e88-727eaa389c18": {
          "type": "gallery",
          "settings": {
            "gallery_name": "Glamos",
            "thumbnail": "shopify:\/\/shop_images\/watch_a12251ee-f205-43f8-97ed-a47175904532.jpg",
            "gallery_title": "",
            "gallery_description": "",
            "gallery_text_color": "",
            "gallery_content_background_color": "",
            "thumbnail_action": "show_images",
            "thumbnail_link": "",
            "thumbnail_image_1": "shopify:\/\/shop_images\/watch_a12251ee-f205-43f8-97ed-a47175904532.jpg"
          }
        },
        "6e1667bd-5a63-4461-8ba5-2e2a30584a1e": {
          "type": "gallery",
          "settings": {
            "gallery_name": "Glamos",
            "thumbnail": "shopify:\/\/shop_images\/summer-vibe.jpg",
            "gallery_title": "",
            "gallery_description": "",
            "gallery_text_color": "",
            "gallery_content_background_color": "",
            "thumbnail_action": "show_images",
            "thumbnail_link": "",
            "thumbnail_image_1": "shopify:\/\/shop_images\/summer-vibe.jpg",
            "thumbnail_image_2": "shopify:\/\/shop_images\/watch_a12251ee-f205-43f8-97ed-a47175904532.jpg"
          }
        },
        "095df796-6215-4a32-9db9-7ad2a8f2fc74": {
          "type": "gallery",
          "settings": {
            "gallery_name": "Metropolis",
            "thumbnail": "shopify:\/\/shop_images\/sweater_cc1c0924-dd7d-4b22-ad6e-d4ee93cc7587.jpg",
            "gallery_title": "",
            "gallery_description": "",
            "gallery_text_color": "",
            "gallery_content_background_color": "",
            "thumbnail_action": "to_link",
            "thumbnail_link": "shopify:\/\/collections\/blazero"
          }
        },
        "d289e37e-3458-44c0-8498-be4fe6b6a006": {
          "type": "gallery",
          "settings": {
            "gallery_name": "Metropolis",
            "thumbnail": "shopify:\/\/shop_images\/gray.jpg",
            "gallery_title": "",
            "gallery_description": "",
            "gallery_text_color": "",
            "gallery_content_background_color": "",
            "thumbnail_action": "show_images",
            "thumbnail_link": "",
            "thumbnail_image_1": "shopify:\/\/shop_images\/gray.jpg",
            "thumbnail_image_2": "shopify:\/\/shop_images\/model.jpg"
          }
        },
        "2e2ef9f9-fea9-469f-82ba-095c6b0a0749": {
          "type": "gallery",
          "settings": {
            "gallery_name": "Cosmopolis",
            "thumbnail": "shopify:\/\/shop_images\/model.jpg",
            "gallery_title": "",
            "gallery_description": "",
            "gallery_text_color": "",
            "gallery_content_background_color": "",
            "thumbnail_action": "to_link",
            "thumbnail_link": "shopify:\/\/collections"
          }
        },
        "c7b337f9-1312-405d-8ad1-b1e97df95e9b": {
          "type": "gallery",
          "settings": {
            "gallery_name": "Blazéro",
            "thumbnail": "shopify:\/\/shop_images\/image-subcollection-3-mobile_93174fa2-0adb-4d5b-98e7-b404d03e3b14.jpg",
            "gallery_title": "",
            "gallery_description": "",
            "gallery_text_color": "",
            "gallery_content_background_color": "",
            "thumbnail_action": "to_link",
            "thumbnail_link": "shopify:\/\/collections\/all"
          }
        },
        "4ee7c02b-756a-4412-91a4-3859d3b6e625": {
          "type": "gallery",
          "settings": {
            "gallery_name": "Metropolis",
            "thumbnail": "shopify:\/\/shop_images\/image-collection-2_1fabab55-1309-48db-96e5-2d7bb24d4530.jpg",
            "gallery_title": "",
            "gallery_description": "",
            "gallery_text_color": "",
            "gallery_content_background_color": "",
            "thumbnail_action": "to_link",
            "thumbnail_link": "shopify:\/\/collections\/all"
          }
        },
        "410dc4bf-94f2-47c0-ae8f-446612057780": {
          "type": "gallery",
          "settings": {
            "gallery_name": "Metropolis",
            "thumbnail": "shopify:\/\/shop_images\/image-collection-5.jpg",
            "gallery_title": "",
            "gallery_description": "",
            "gallery_text_color": "",
            "gallery_content_background_color": "",
            "thumbnail_action": "to_link",
            "thumbnail_link": "shopify:\/\/collections\/all"
          }
        }
      },
      "block_order": [
        "2629946d-330f-4890-a4bb-e328f50ecab1",
        "c2e7fbbd-1501-4193-9cc1-1e111587f591",
        "bf703cb2-6b43-42a2-b96e-4178b7492b92",
        "129dad92-6805-45ce-9c33-77b69082e5ad",
        "9693e992-b0d9-43dc-bc03-cbbe0b3799f8",
        "32f88c4e-4ee5-4c6e-af5c-1ee2ac00e8e1",
        "2c80974b-fb1b-4dbc-92a6-1da336df3636",
        "7c89b11d-0c24-4d04-9e88-727eaa389c18",
        "6e1667bd-5a63-4461-8ba5-2e2a30584a1e",
        "095df796-6215-4a32-9db9-7ad2a8f2fc74",
        "d289e37e-3458-44c0-8498-be4fe6b6a006",
        "2e2ef9f9-fea9-469f-82ba-095c6b0a0749",
        "c7b337f9-1312-405d-8ad1-b1e97df95e9b",
        "4ee7c02b-756a-4412-91a4-3859d3b6e625",
        "410dc4bf-94f2-47c0-ae8f-446612057780"
      ],
      "settings": {
        "show_breadcrumb": true,
        "breadcrumb_color": "#999999",
        "breadcrumb_alignment": "left",
        "breadcrumb_bg": "",
        "breadcrumb_gradient": "",
        "breadcrumb_bg_mb": "#f6f6f6",
        "breadcrumb_gradient_mb": "",
        "show_page_title": true,
        "page_title_color": "#232323",
        "page_title_alignment": "left",
        "container": "1170",
        "side_padding_full_width": 0,
        "page_heading": "",
        "page_des": "",
        "page_des_width": 475,
        "content_alignment": "left",
        "mg_top_desktop": 0,
        "mg_top_tablet": 0,
        "mg_top_mobile": 0,
        "mg_bottom_desktop": 90,
        "mg_bottom_tablet": 50,
        "mg_bottom_mobile": 40,
        "show_filter": true,
        "filter_text_color": "#3c3c3c",
        "filter_bg_color": "",
        "filter_border_color": "#787878",
        "filter_text_color_hover": "#3c3c3c",
        "filter_bg_color_hover": "",
        "item_per_row": "2",
        "enabled_infinite_scrolling": true,
        "gallery_limit": 12,
        "icon_color": "#f8f8f8",
        "icon_bg_color": "#232323",
        "btn_text": "Show more",
        "btn_text_color": "#232323",
        "btn_bg": "#ffffff",
        "btn_gradient": "",
        "btn_border_color": "#727272",
        "btn_text_color_hover": "#ffffff",
        "btn_bg_hover": "#232323",
        "btn_gradient_hover": "",
        "btn_border_color_hover": "#232323",
        "btn_max_width": 290
      }
    }
  },
  "order": [
    "main"
  ]
}
