{
  "sections": {
    "main": {
      "type": "main-brands-page",
      "blocks": {
        "91811f90-c5c6-4e7a-9957-62c3b074a234": {
          "type": "image_picker",
          "settings": {
            "brand_image": "shopify:\/\/shop_images\/brands-1.jpg",
            "brand_name": "Fermends",
            "link_to_vendor": ""
          }
        },
        "bd43bdf9-0b58-4d3c-9d4a-3027ba7d1bab": {
          "type": "image_picker",
          "settings": {
            "brand_image": "shopify:\/\/shop_images\/brands-3.jpg",
            "brand_name": "",
            "link_to_vendor": ""
          }
        },
        "1043872f-3935-4372-b92f-7d7d06808c55": {
          "type": "image_picker",
          "settings": {
            "brand_image": "shopify:\/\/shop_images\/brands-4.jpg",
            "brand_name": "",
            "link_to_vendor": ""
          }
        },
        "8514f888-f0b2-4b8f-b507-f2be6f4b94e6": {
          "type": "image_picker",
          "settings": {
            "brand_image": "shopify:\/\/shop_images\/brands-5.jpg",
            "brand_name": "",
            "link_to_vendor": ""
          }
        },
        "5b70c252-5adb-4e29-8b65-f825376ae71b": {
          "type": "image_picker",
          "settings": {
            "brand_image": "shopify:\/\/shop_images\/brands-2.jpg",
            "brand_name": "",
            "link_to_vendor": ""
          }
        },
        "45d60d37-b824-4269-a114-969aafa1f9d5": {
          "type": "image_picker",
          "settings": {
            "brand_image": "shopify:\/\/shop_images\/brands-3.jpg",
            "brand_name": "",
            "link_to_vendor": ""
          }
        }
      },
      "block_order": [
        "91811f90-c5c6-4e7a-9957-62c3b074a234",
        "bd43bdf9-0b58-4d3c-9d4a-3027ba7d1bab",
        "1043872f-3935-4372-b92f-7d7d06808c55",
        "8514f888-f0b2-4b8f-b507-f2be6f4b94e6",
        "5b70c252-5adb-4e29-8b65-f825376ae71b",
        "45d60d37-b824-4269-a114-969aafa1f9d5"
      ],
      "settings": {
        "show_breadcrumb": true,
        "breadcrumb_alignment": "left",
        "breadcrumb_bg": "",
        "breadcrumb_gradient": "",
        "breadcrumb_bg_mb": "#f6f6f6",
        "breadcrumb_gradient_mb": "",
        "show_page_title": true,
        "page_title_alignment": "left",
        "container": "container",
        "display_brands_slider": true,
        "type": "vendor",
        "mg_top_desktop": 0,
        "mg_top_tablet": 0,
        "mg_top_mobile": 0,
        "mg_bottom_desktop": 0,
        "mg_bottom_tablet": 0,
        "mg_bottom_mobile": 0
      }
    }
  },
  "order": [
    "main"
  ]
}
