{
  "sections": {
    "main": {
      "type": "store-locator",
      "blocks": {
        "59d6563c-9f03-42a6-af6c-0476e031b0f7": {
          "type": "item",
          "settings": {
            "address": "1471 P St NW",
            "cross_street": "",
            "city": "Washington, DC",
            "state": "",
            "postal_code": "20005,",
            "country": "United States",
            "phone_formatted": "(202) 387-9338",
            "map_iframe": "<iframe src=\"https:\/\/www.google.com\/maps\/embed?pb=!1m18!1m12!1m3!1d8782.192919710478!2d-77.0430116795331!3d38.90170796351731!2m3!1f0!2f0!3f0!3m2!1i1024!2i768!4f13.1!3m3!1m2!1s0x89b7b7c1dd4e33d1%3A0x8a2c39a9e0f39948!2s1471%20P%20St%20NW%2C%20Washington%2C%20DC%2020005%2C%20USA!5e0!3m2!1sen!2s!4v1707118588326!5m2!1sen!2s\" width=\"600\" height=\"450\" style=\"border:0;\" allowfullscreen=\"\" loading=\"lazy\" referrerpolicy=\"no-referrer-when-downgrade\"><\/iframe>"
          }
        },
        "bcdec88e-db0f-4443-88d6-2eb0a4e3492e": {
          "type": "item",
          "settings": {
            "address": "2221 I St NW",
            "cross_street": "",
            "city": "Washington, DC",
            "state": "",
            "postal_code": "20037,",
            "country": "United States",
            "phone_formatted": "(202) 507-8357",
            "map_iframe": "<iframe src=\"https:\/\/www.google.com\/maps\/embed?pb=!1m18!1m12!1m3!1d3105.0090714119265!2d-77.05186632308238!3d38.90090787172327!2m3!1f0!2f0!3f0!3m2!1i1024!2i768!4f13.1!3m3!1m2!1s0x89b7b7b16cefd3fb%3A0x5876800883d11ab7!2s2221%20I%20St%20NW%2C%20Washington%2C%20DC%2020001%2C%20USA!5e0!3m2!1sen!2s!4v1707121069392!5m2!1sen!2s\" width=\"600\" height=\"450\" style=\"border:0;\" allowfullscreen=\"\" loading=\"lazy\" referrerpolicy=\"no-referrer-when-downgrade\"><\/iframe>"
          }
        },
        "186c6a14-5b48-4736-bd18-1962e21b0410": {
          "type": "item",
          "settings": {
            "address": "1512 Connecticut Ave NW",
            "cross_street": "",
            "city": "Washington, DC",
            "state": "",
            "postal_code": "20036,",
            "country": "United States",
            "phone_formatted": "(202) 387-9338",
            "map_iframe": "<iframe src=\"https:\/\/www.google.com\/maps\/embed?pb=!1m18!1m12!1m3!1d3105.0090714119265!2d-77.05186632308238!3d38.90090787172327!2m3!1f0!2f0!3f0!3m2!1i1024!2i768!4f13.1!3m3!1m2!1s0x89b7b7c63ac20dfb%3A0xd734501a5e1a05c!2s1512%20Connecticut%20Ave%20NW%2C%20Washington%2C%20DC%2020036%2C%20USA!5e0!3m2!1sen!2s!4v1707121086600!5m2!1sen!2s\" width=\"600\" height=\"450\" style=\"border:0;\" allowfullscreen=\"\" loading=\"lazy\" referrerpolicy=\"no-referrer-when-downgrade\"><\/iframe>"
          }
        },
        "a2734f88-dc11-4677-bdf2-a88bff8da9f3": {
          "type": "item",
          "settings": {
            "address": "3333 M St NW",
            "cross_street": "",
            "city": "Washington, DC",
            "state": "",
            "postal_code": "20007,",
            "country": "United States",
            "phone_formatted": "(202) 387-9338",
            "map_iframe": "<iframe src=\"https:\/\/www.google.com\/maps\/embed?pb=!1m18!1m12!1m3!1d3104.8134331024303!2d-77.07220030800612!3d38.90538149881064!2m3!1f0!2f0!3f0!3m2!1i1024!2i768!4f13.1!3m3!1m2!1s0x89b7b648a56b9ad5%3A0x75e2713cb77a3397!2s3333%20M%20St%20NW%2C%20Washington%2C%20DC%2020007%2C%20USA!5e0!3m2!1sen!2s!4v1707121111029!5m2!1sen!2s\" width=\"600\" height=\"450\" style=\"border:0;\" allowfullscreen=\"\" loading=\"lazy\" referrerpolicy=\"no-referrer-when-downgrade\"><\/iframe>"
          }
        },
        "5659671e-e7e1-46bf-ae37-ecc5431a349c": {
          "type": "item",
          "settings": {
            "address": "221 Pennsylvania Ave SE",
            "cross_street": "",
            "city": "Washington, DC",
            "state": "",
            "postal_code": "20003,",
            "country": "United States",
            "phone_formatted": "(202) 387-9338",
            "map_iframe": "<iframe src=\"https:\/\/www.google.com\/maps\/embed?pb=!1m18!1m12!1m3!1d3105.6169667583476!2d-77.00530882308287!3d38.88700447172625!2m3!1f0!2f0!3f0!3m2!1i1024!2i768!4f13.1!3m3!1m2!1s0x89b7b82c27209e13%3A0xa98e7577efd0b1b1!2s221%20Pennsylvania%20Ave.%20SE%2C%20Washington%2C%20DC%2020003%2C%20USA!5e0!3m2!1sen!2s!4v1707121132061!5m2!1sen!2s\" width=\"600\" height=\"450\" style=\"border:0;\" allowfullscreen=\"\" loading=\"lazy\" referrerpolicy=\"no-referrer-when-downgrade\"><\/iframe>"
          }
        },
        "4510eed2-7267-448a-8bd8-bd54e93da332": {
          "type": "item",
          "settings": {
            "address": "8204 Baltimore Ave",
            "cross_street": "",
            "city": "College Park,",
            "state": "MD",
            "postal_code": "20740,",
            "country": "United States",
            "phone_formatted": "",
            "map_iframe": "<iframe src=\"https:\/\/www.google.com\/maps\/embed?pb=!1m18!1m12!1m3!1d3101.001677804204!2d-76.93618202307925!3d38.99245807170404!2m3!1f0!2f0!3f0!3m2!1i1024!2i768!4f13.1!3m3!1m2!1s0x89b7c6a69c0a8d2f%3A0xa61eac7f817eba05!2sUniversity%20View%20II%2C%208204%20Baltimore%20Ave%2C%20College%20Park%2C%20MD%2020740%2C%20USA!5e0!3m2!1sen!2s!4v1707121158896!5m2!1sen!2s\" width=\"600\" height=\"450\" style=\"border:0;\" allowfullscreen=\"\" loading=\"lazy\" referrerpolicy=\"no-referrer-when-downgrade\"><\/iframe>"
          }
        },
        "cea75631-a0e0-421a-8579-1877463b2ba4": {
          "type": "item",
          "settings": {
            "address": "4831 Bethesda Ave",
            "cross_street": "",
            "city": "Bethesda,",
            "state": "MD",
            "postal_code": "20814,",
            "country": "United States",
            "phone_formatted": "(301) 654-7336",
            "map_iframe": "<iframe src=\"https:\/\/www.google.com\/maps\/embed?pb=!1m18!1m12!1m3!1d3101.503268452736!2d-77.10025032307956!3d38.98100897170638!2m3!1f0!2f0!3f0!3m2!1i1024!2i768!4f13.1!3m3!1m2!1s0x89b7c97c13924b81%3A0x8f07f3e821850c85!2s4831%20Bethesda%20Ln%2C%20Bethesda%2C%20MD%2020814%2C%20USA!5e0!3m2!1sen!2s!4v1707121204999!5m2!1sen!2s\" width=\"600\" height=\"450\" style=\"border:0;\" allowfullscreen=\"\" loading=\"lazy\" referrerpolicy=\"no-referrer-when-downgrade\"><\/iframe>"
          }
        },
        "23076de6-c468-4bb2-9ea6-8eb04a31c70b": {
          "type": "item",
          "settings": {
            "address": "11935 Democracy Dr",
            "cross_street": "",
            "city": "Reston,",
            "state": "VA",
            "postal_code": "20190,",
            "country": "United States",
            "phone_formatted": "(571) 203-0082",
            "map_iframe": "<iframe src=\"https:\/\/www.google.com\/maps\/embed?pb=!1m18!1m12!1m3!1d3102.524820622446!2d-77.36438100799394!3d38.95768269877124!2m3!1f0!2f0!3f0!3m2!1i1024!2i768!4f13.1!3m3!1m2!1s0x89b6481ecc9684af%3A0x7ca5080f2473f5ae!2s11935%20Democracy%20Dr%2C%20Reston%2C%20VA%2020190%2C%20USA!5e0!3m2!1sen!2s!4v1707121228807!5m2!1sen!2s\" width=\"600\" height=\"450\" style=\"border:0;\" allowfullscreen=\"\" loading=\"lazy\" referrerpolicy=\"no-referrer-when-downgrade\"><\/iframe>"
          }
        },
        "776f30da-88ad-4aa1-90d2-a20b698dd2f2": {
          "type": "item",
          "settings": {
            "address": "4075 Wilson Blvd",
            "cross_street": "",
            "city": "Arlington,",
            "state": "VA",
            "postal_code": "22203,",
            "country": "United States",
            "phone_formatted": "(703) 522-2016",
            "map_iframe": "<iframe src=\"https:\/\/www.google.com\/maps\/embed?pb=!1m18!1m12!1m3!1d3105.917751212983!2d-77.11139362308313!3d38.88012357172779!2m3!1f0!2f0!3f0!3m2!1i1024!2i768!4f13.1!3m3!1m2!1s0x89b7b424267f8a31%3A0xf32811ecdbf96278!2s4075%20Wilson%20Blvd%2C%20Arlington%2C%20VA%2022203%2C%20USA!5e0!3m2!1sen!2s!4v1707121257529!5m2!1sen!2s\" width=\"600\" height=\"450\" style=\"border:0;\" allowfullscreen=\"\" loading=\"lazy\" referrerpolicy=\"no-referrer-when-downgrade\"><\/iframe>"
          }
        },
        "5abb1e19-7c31-4d87-a8ce-2065a97baf2d": {
          "type": "item",
          "settings": {
            "address": "68 Coulter Ave",
            "cross_street": "",
            "city": "Ardmore,",
            "state": "PA",
            "postal_code": "19003,",
            "country": "United States",
            "phone_formatted": "(610) 642-9400",
            "map_iframe": "<iframe src=\"https:\/\/www.google.com\/maps\/embed?pb=!1m18!1m12!1m3!1d3056.0333747419704!2d-75.29046892304402!3d40.007702071508284!2m3!1f0!2f0!3f0!3m2!1i1024!2i768!4f13.1!3m3!1m2!1s0x89c6c085ce7707fd%3A0x6a4b7c598863fd5e!2s68%20Coulter%20Ave%2C%20Ardmore%2C%20PA%2019003%2C%20USA!5e0!3m2!1sen!2s!4v1707121293839!5m2!1sen!2s\" width=\"600\" height=\"450\" style=\"border:0;\" allowfullscreen=\"\" loading=\"lazy\" referrerpolicy=\"no-referrer-when-downgrade\"><\/iframe>"
          }
        },
        "5ff9df75-db76-4d0f-90f7-1913504c75fb": {
          "type": "item",
          "settings": {
            "address": "3925 Walnut St",
            "cross_street": "",
            "city": "Philadelphia,",
            "state": "PA",
            "postal_code": "19104,",
            "country": "United States",
            "phone_formatted": "(215) 386-1365",
            "map_iframe": "<iframe src=\"https:\/\/www.google.com\/maps\/embed?pb=!1m18!1m12!1m3!1d3058.4256312851003!2d-75.20376682304584!3d39.95423557151781!2m3!1f0!2f0!3f0!3m2!1i1024!2i768!4f13.1!3m3!1m2!1s0x89c6c6f800c0db5d%3A0x5985d57738dda762!2sThe%20Radian%2C%203925%20Walnut%20St%2C%20Philadelphia%2C%20PA%2019104%2C%20USA!5e0!3m2!1sen!2s!4v1707121324703!5m2!1sen!2s\" width=\"600\" height=\"450\" style=\"border:0;\" allowfullscreen=\"\" loading=\"lazy\" referrerpolicy=\"no-referrer-when-downgrade\"><\/iframe>"
          }
        },
        "01a2b91b-e433-4e37-a301-d4116a070fcb": {
          "type": "item",
          "settings": {
            "address": "1901 L St. NW",
            "cross_street": "",
            "city": "Washington, DC",
            "state": "",
            "postal_code": "20036,",
            "country": "United States",
            "phone_formatted": "(202) 331-3355",
            "map_iframe": "<iframe src=\"https:\/\/www.google.com\/maps\/embed?pb=!1m18!1m12!1m3!1d3104.8721577146393!2d-77.04881400800643!3d38.90403869881178!2m3!1f0!2f0!3f0!3m2!1i1024!2i768!4f13.1!3m3!1m2!1s0x89b7b7b9cf35c761%3A0x67b47c332c13912a!2s1901%20L%20St%20NW%2C%20Washington%2C%20DC%2020036%2C%20USA!5e0!3m2!1sen!2s!4v1707121350586!5m2!1sen!2s\" width=\"600\" height=\"450\" style=\"border:0;\" allowfullscreen=\"\" loading=\"lazy\" referrerpolicy=\"no-referrer-when-downgrade\"><\/iframe>"
          }
        }
      },
      "block_order": [
        "59d6563c-9f03-42a6-af6c-0476e031b0f7",
        "bcdec88e-db0f-4443-88d6-2eb0a4e3492e",
        "186c6a14-5b48-4736-bd18-1962e21b0410",
        "a2734f88-dc11-4677-bdf2-a88bff8da9f3",
        "5659671e-e7e1-46bf-ae37-ecc5431a349c",
        "4510eed2-7267-448a-8bd8-bd54e93da332",
        "cea75631-a0e0-421a-8579-1877463b2ba4",
        "23076de6-c468-4bb2-9ea6-8eb04a31c70b",
        "776f30da-88ad-4aa1-90d2-a20b698dd2f2",
        "5abb1e19-7c31-4d87-a8ce-2065a97baf2d",
        "5ff9df75-db76-4d0f-90f7-1913504c75fb",
        "01a2b91b-e433-4e37-a301-d4116a070fcb"
      ],
      "settings": {
        "container": "container",
        "show_breadcrumb": true,
        "breadcrumb_alignment": "center",
        "show_page_title": true,
        "page_title_alignment": "center",
        "address_font_size": 16,
        "address_font_weight": "600",
        "address_text_color": "#000000",
        "address_text_color_hover": "#000000",
        "info_font_size": 14,
        "info_font_weight": "400",
        "info_text_color": "#000000",
        "mg_top_desktop": 0,
        "mg_top_tablet": 0,
        "mg_top_mobile": 0,
        "mg_bottom_desktop": 50,
        "mg_bottom_tablet": 50,
        "mg_bottom_mobile": 50
      }
    }
  },
  "order": [
    "main"
  ]
}
