{
  "sections": {
    "main": {
      "type": "main-lookbook-page",
      "settings": {
        "show_breadcrumb": true,
        "breadcrumb_color": "#999999",
        "breadcrumb_alignment": "left",
        "breadcrumb_bg": "",
        "breadcrumb_gradient": "",
        "breadcrumb_bg_mb": "#f6f6f6",
        "breadcrumb_gradient_mb": "",
        "show_page_title": true,
        "page_title_color": "#232323",
        "page_title_alignment": "left",
        "container": "container",
        "side_padding_full_width": 0,
        "mg_top_desktop": 0,
        "mg_top_tablet": 0,
        "mg_top_mobile": 0,
        "mg_bottom_desktop": 0,
        "mg_bottom_tablet": 0,
        "mg_bottom_mobile": 0
      }
    },
    "16493155566a09e265": {
      "type": "slide-show",
      "blocks": {
        "032a55ca-4f95-4174-9c0b-8340b7062a30": {
          "type": "image",
          "settings": {
            "alignment": "left",
            "enable_custom_position": false,
            "custom_horizontal": "",
            "custom_vertical": "",
            "enable_position_outside_image": false,
            "text_alignment": "center",
            "enable_border_line": false,
            "padding_vertical": 30,
            "content_width": 480,
            "bg_color_content": "",
            "border_color_content": "",
            "profile_name": "",
            "profile_name_color": "",
            "profile_name_fs": 20,
            "profile_name_fs_mb": 20,
            "profile_name_fw": "normal",
            "profile_title": "",
            "profile_title_color": "",
            "profile_title_fs": 20,
            "profile_title_fs_mb": 20,
            "profile_title_fw": "normal",
            "profile_spacing_bottom": 50,
            "sub_heading": "",
            "letter_spacing_sub_title": "",
            "font_size_sub_heading": 30,
            "sub_heading_spacing_bottom": 20,
            "font_weight_sub_heading": "400",
            "border_sub_heading": "none",
            "sub_title_position": "sub_title_above",
            "color_sub_heading": "#ffffff",
            "heading": "",
            "letter_spacing_heading": "",
            "enable_border_heading": false,
            "font_style_heading": "normal",
            "font_size_heading": 40,
            "line_height_heading": 40,
            "heading_spacing_bottom": 10,
            "color_heading": "#232323",
            "slide-des": "",
            "font_size_des": 12,
            "des_spacing_bottom": 35,
            "color_des": "#232323",
            "sub_heading_mb": "",
            "font_size_sub_heading_mb": 20,
            "sub_heading_spacing_bottom_mb": 20,
            "font_weight_sub_heading_mb": "400",
            "border_sub_heading_mb": "none",
            "color_sub_heading_mb": "#ffffff",
            "heading_mb": "",
            "font_style_heading_mb": "normal",
            "font_size_heading_mb": 24,
            "line_height_heading_mb": 24,
            "heading_spacing_bottom_mb": 10,
            "color_heading_mb": "#ffffff",
            "slide-des-mb": "",
            "font_size_des_mb": 12,
            "des_spacing_bottom_mb": 35,
            "color_des_mb": "#ffffff",
            "enable_icon_button": false,
            "enable_button_link": false,
            "enable_underline": true,
            "font_size_link": 36,
            "button_slide": "",
            "link": "",
            "button_style": "button_1",
            "button_slide_2": "",
            "link_2": "",
            "min_width_banner_button": 270,
            "color_button": "#ffffff",
            "border_button": "#232323",
            "bg_button": "#232323",
            "bg_button_gradient": "",
            "color_button_hover": "#ffffff",
            "border_button_hover": "#232323",
            "bg_button_hover": "#232323",
            "bg_button_gradient_hover": "",
            "lb_product_1": "naminos-dementus-a-dincidunto-1",
            "horizontal_pos_1": 44,
            "vertical_pos_1": 30,
            "lookbook_pos_1": "right",
            "lb_product_2": "",
            "horizontal_pos_2": 0,
            "vertical_pos_2": 0,
            "lookbook_pos_2": "right",
            "lb_product_3": "",
            "horizontal_pos_3": 0,
            "vertical_pos_3": 0,
            "lookbook_pos_3": "right"
          }
        },
        "989ef3e3-e0a1-4ff4-ae8e-c01ee7ade745": {
          "type": "image",
          "settings": {
            "alignment": "left",
            "enable_custom_position": false,
            "custom_horizontal": "",
            "custom_vertical": "",
            "enable_position_outside_image": false,
            "text_alignment": "center",
            "enable_border_line": false,
            "padding_vertical": 30,
            "content_width": 480,
            "bg_color_content": "",
            "border_color_content": "",
            "profile_name": "",
            "profile_name_color": "",
            "profile_name_fs": 20,
            "profile_name_fs_mb": 20,
            "profile_name_fw": "normal",
            "profile_title": "",
            "profile_title_color": "",
            "profile_title_fs": 20,
            "profile_title_fs_mb": 20,
            "profile_title_fw": "normal",
            "profile_spacing_bottom": 50,
            "sub_heading": "",
            "letter_spacing_sub_title": "",
            "font_size_sub_heading": 30,
            "sub_heading_spacing_bottom": 20,
            "font_weight_sub_heading": "400",
            "border_sub_heading": "none",
            "sub_title_position": "sub_title_above",
            "color_sub_heading": "#ffffff",
            "heading": "",
            "letter_spacing_heading": "",
            "enable_border_heading": false,
            "font_style_heading": "normal",
            "font_size_heading": 40,
            "line_height_heading": 40,
            "heading_spacing_bottom": 8,
            "color_heading": "#232323",
            "slide-des": "",
            "font_size_des": 12,
            "des_spacing_bottom": 35,
            "color_des": "#232323",
            "sub_heading_mb": "",
            "font_size_sub_heading_mb": 20,
            "sub_heading_spacing_bottom_mb": 20,
            "font_weight_sub_heading_mb": "400",
            "border_sub_heading_mb": "none",
            "color_sub_heading_mb": "#ffffff",
            "heading_mb": "",
            "font_style_heading_mb": "normal",
            "font_size_heading_mb": 24,
            "line_height_heading_mb": 24,
            "heading_spacing_bottom_mb": 8,
            "color_heading_mb": "#ffffff",
            "slide-des-mb": "",
            "font_size_des_mb": 12,
            "des_spacing_bottom_mb": 35,
            "color_des_mb": "#ffffff",
            "enable_icon_button": false,
            "enable_button_link": false,
            "enable_underline": true,
            "font_size_link": 36,
            "button_slide": "",
            "link": "",
            "button_style": "button_1",
            "button_slide_2": "",
            "link_2": "",
            "min_width_banner_button": 270,
            "color_button": "#ffffff",
            "border_button": "#232323",
            "bg_button": "#232323",
            "bg_button_gradient": "",
            "color_button_hover": "#ffffff",
            "border_button_hover": "#232323",
            "bg_button_hover": "#232323",
            "bg_button_gradient_hover": "",
            "lb_product_1": "aeque-mollis-urnan-lementum",
            "horizontal_pos_1": 0,
            "vertical_pos_1": 0,
            "lookbook_pos_1": "right",
            "lb_product_2": "",
            "horizontal_pos_2": 0,
            "vertical_pos_2": 0,
            "lookbook_pos_2": "right",
            "lb_product_3": "",
            "horizontal_pos_3": 0,
            "vertical_pos_3": 0,
            "lookbook_pos_3": "right"
          }
        }
      },
      "block_order": [
        "032a55ca-4f95-4174-9c0b-8340b7062a30",
        "989ef3e3-e0a1-4ff4-ae8e-c01ee7ade745"
      ],
      "settings": {
        "container": "container",
        "padding_full_width": 0,
        "mg_top_desktop": 45,
        "mg_top_tablet": 30,
        "mg_top_mobile": 25,
        "mg_bottom_desktop": 0,
        "mg_bottom_tablet": 0,
        "mg_bottom_mobile": 0,
        "slideshow_background": "",
        "slideshow_background_gradient": "",
        "autoplay": false,
        "slideshow_speed": "5000",
        "slideshow_transition": "true",
        "dots": "false",
        "dots_color": "rgba(0,0,0,0)",
        "dots_border_color": "#ffffff",
        "dots_active_color": "#ffffff",
        "dots_active_border_color": "#ffffff",
        "dots_direction": "bottom",
        "dots_shape": "disc",
        "position_slick_dots": "34px",
        "dots_opacity": false,
        "arrow_active": true,
        "enable_custom_arrow": true,
        "arrow_width": 70,
        "arrow_height": 70,
        "arrow_size_icon": 40,
        "arrow_color": "#464646",
        "arrow_border_color": "rgba(0,0,0,0)",
        "arrow_bg_color": "rgba(0,0,0,0)",
        "arrow_color_hover": "#727272",
        "arrow_border_color_hover": "",
        "arrow_bg_color_hover": "",
        "position_slick_arrow": "-8%",
        "position_vertical_slick_arrow": "50%",
        "image_behavior": "none",
        "video_height": "41.7%",
        "auto_playvideo": false,
        "enable_categories": false,
        "text_categories": "Shop by categories",
        "title_color": "#ffffff",
        "bg_title": "#fd6506",
        "text_icon_color": "#202020",
        "menu_category": "",
        "enable_banner": false,
        "lookbook_style": "1",
        "enable_lookbook_width": false,
        "lookbook_width": 250,
        "dot_desktop_size": 24,
        "dot_mobile_size": 16,
        "dot_shadow_color": "#ffffff",
        "dot_outer_color": "#ffffff",
        "show_dot_number": false,
        "show_dot_number_mobile": false,
        "show_plus_icon": false,
        "dot_inner_color": "#000000",
        "number_desktop_size": 24,
        "number_mobile_size": 16,
        "lookbook_truncate": "1"
      }
    },
    "1649317173a74f5987": {
      "type": "rich-text",
      "blocks": {
        "16493171721bc4191d-3": {
          "type": "social_media",
          "settings": {
            "social_spacing_top": 0,
            "social_spacing_bottom": 20,
            "social_icon_color": "#232323",
            "social_icon_background_color": "#ffffff",
            "social_icon_background_gradient": "",
            "social_icon_hover_color": "#232323",
            "social_icon_background_hover_color": "#ffffff",
            "social_icon_background_hover_gradient": "",
            "social_icon_ring_color": "#232323"
          }
        },
        "16493171721bc4191d-2": {
          "type": "button",
          "settings": {
            "button_label": "Shop the look",
            "margin_top_button": 0,
            "button_link": "shopify:\/\/products\/naminos-dementus-a-dincidunto-1",
            "button_color": "#ffffff",
            "enable_underline_button": false,
            "button_border_color": "#000000",
            "button_bg_color": "#000000",
            "button_bg_gradient": "",
            "button_color_hover": "#000000",
            "button_border_color_hover": "#000000",
            "button_bg_color_hover": "#ffffff",
            "button_bg_gradient_hover": "",
            "button_width": "320px"
          }
        }
      },
      "block_order": [
        "16493171721bc4191d-3",
        "16493171721bc4191d-2"
      ],
      "settings": {
        "container": "container",
        "padding_full_width": 0,
        "enable_border_top": false,
        "enable_border_bottom": false,
        "color_border_bottom": "#e8e8e8",
        "mg_top_desktop": 30,
        "mg_top_tablet": 20,
        "mg_top_mobile": 15,
        "mg_bottom_desktop": 90,
        "mg_bottom_tablet": 40,
        "mg_bottom_mobile": 30,
        "rich_text_bg": "#ffffff",
        "rich_text_bg_gradient": "",
        "enable_column": false
      }
    }
  },
  "order": [
    "main",
    "16493155566a09e265",
    "1649317173a74f5987"
  ]
}
