{
  "sections": {
    "main": {
      "type": "main-page",
      "settings": {}
    },
    "image_banner_xaxt9C": {
      "type": "image-banner",
      "blocks": {
        "large_img_WDWexB": {
          "type": "largeImg",
          "settings": {
            "image": "shopify:\/\/shop_images\/autumn-photographer-taking-picture_7e9540f5-f929-41cd-8ae0-03546a3ddfbd.jpg",
            "enable_max_width_image": false,
            "custom_width_image": 1170,
            "enable_scroll_down": false,
            "enable_custom_image": false,
            "image_behavior": "none",
            "sub_title": "",
            "border_sub_title": false,
            "font_size_sub_title": 14,
            "font_size_sub_title_mb": 14,
            "margin_bottom_sub_title": 14,
            "sub_heading_font": "font_1",
            "font_weight_sub_title": "700",
            "sub_title_position": "sub_title_above",
            "color_sub_title": "#232323",
            "color_sub_title_mb": "#ffffff",
            "heading": "Metropólis",
            "letter_spacing_heading": "",
            "enable_style_italic": false,
            "font_size_heading": 40,
            "font_size_heading_mb": 24,
            "margin_bottom_heading": 20,
            "font_weight_heading": "600",
            "color_heading": "#232323",
            "color_heading_mb": "#ffffff",
            "border_title": "border_s1",
            "border_color_title": "#232323",
            "border_color_title_mobile": "#ffffff",
            "text": "Pellentesque posuere orci lobortis scelerisque blandit. Donec id tellus lacinia an tincidunt risus an consequat delit quisquemos.",
            "font_size_des": 12,
            "font_size_des_mb": 12,
            "line_height_des": 26,
            "margin_bottom_des": 35,
            "color_des": "#232323",
            "color_des_mb": "#ffffff",
            "countdown": "",
            "hide_countdown_fc": "countdown",
            "countdown_style": "round",
            "countdown_position": "countdown_below_desc",
            "font_size_countdown_number": 30,
            "font_size_countdown_text": 14,
            "color_countdown": "#232323",
            "color_countdown_mb": "#ffffff",
            "countdown_margin_bottom": 35,
            "content_width": 475,
            "bg_color_content": "",
            "align": "center",
            "align_items": "center",
            "position": "left",
            "custom_horizontal": "",
            "custom_vertical": "",
            "btn_text": "Shop Now",
            "link": "shopify:\/\/products\/game-cover-23",
            "btn_icon": "",
            "button_1_width": 235,
            "enable_button_custom_border": false,
            "button_color": "#ffffff",
            "button_border": "#232323",
            "button_background": "#232323",
            "button_background_gradient": "",
            "button_color_hover": "#ffffff",
            "button_border_hover": "#232323",
            "button_background_hover": "#232323",
            "button_background_gradient_hover": "",
            "btn_text_2": "",
            "link_2": "",
            "btn_icon_2": "",
            "button_color_2": "#ffffff",
            "button_border_2": "#232323",
            "button_background_2": "#232323",
            "button_background_2_gradient": "",
            "button_color_hover_2": "#ffffff",
            "button_border_hover_2": "#232323",
            "button_background_hover_2": "#232323",
            "button_background_gradient_hover_2": "",
            "video_link": "",
            "adaptive_height_video": "56",
            "icon_style": "style_1",
            "color_icon": "#ffffff",
            "bg_color_icon": "#000000",
            "enable_custom_video_icon_position": false,
            "video_icon_horizontal_position": "",
            "video_icon_vertical_position": "",
            "video_icon_horizontal_position_mb": "",
            "video_icon_vertical_position_mb": ""
          }
        }
      },
      "block_order": [
        "large_img_WDWexB"
      ],
      "settings": {
        "id_section": "",
        "container": "fullwidth",
        "padding_full_width": 0,
        "display_type": "slide",
        "enable_arrows": false,
        "arrows_position": "",
        "enable_dots": false,
        "enable_autoplay": false,
        "list_gap": 0,
        "image_banner_title": "",
        "enable_border_title": false,
        "color_title": "#202020",
        "fontsize_title": 24,
        "fontsize_title_mb": 20,
        "margin_bottom_title": 25,
        "image_banner_des": "",
        "color_des": "#202020",
        "fontsize_des": 16,
        "title_align": "center",
        "style_bg": "none",
        "bg_color": "",
        "bg_color_gradient": "",
        "mg_top_desktop": 50,
        "mg_top_tablet": 50,
        "mg_top_mobile": 50,
        "mg_bottom_desktop": 50,
        "mg_bottom_tablet": 50,
        "mg_bottom_mobile": 50
      }
    },
    "product_block_gnReQC": {
      "type": "product-block",
      "settings": {
        "container": "container",
        "padding_full_width": 0,
        "disable_padding_content": false,
        "enable_border_top": false,
        "enable_border_bottom": false,
        "border_height": 1,
        "color_border_bottom": "#e8e8e8",
        "enable_minus_mg_top": false,
        "minus_spacing_top": -100,
        "product_block_layout": "grid",
        "product_bg": "#fff",
        "product_bg_gradient": "",
        "product_block_collection": "all-product",
        "product_block_limit": 8,
        "grid_gap": 30,
        "pb_style": "style1",
        "style_block_header": "style1",
        "product_block_title": "Trending Now",
        "enable_border_title": true,
        "enable_border_title_style2": true,
        "fontsize_title": 16,
        "fontsize_title_mb": 16,
        "pd_top_title": 30,
        "mg_bottom_title": 12,
        "mg_bottom_title_mb": 12,
        "border_color_title": "#232323",
        "color_title": "#232323",
        "title_align": "center",
        "view_all": "",
        "view_all_align": "center",
        "font_weight_view_all": "400",
        "mg_bottom_view": 30,
        "mg_bottom_view_mb": 0,
        "enable_border_view_all": true,
        "link_view_all": "",
        "color_view_all": "#3c3c3c",
        "icon_view_all": "",
        "color_view_all_icon": "#eb492f",
        "button_text": "Show More",
        "button_text_font_size": 14,
        "button_text_font_weight": "500",
        "button_text_text_transform": "uppercase",
        "product_button_width": 270,
        "pd_top_product_button": 12,
        "pd_bottom_product_button": 12,
        "button_icon": "",
        "mg_bottom_button": 55,
        "enable_button_shadow": false,
        "color_button": "#fff",
        "border_color_button": "#232323",
        "bg_color_button": "#232323",
        "bg_color_gradient_button": "",
        "color_button_hover": "",
        "border_color_button_hover": "",
        "bg_color_button_hover": "",
        "bg_color_gradient_button_hover": "",
        "style_countdown": "style_1",
        "countdown": "",
        "font_size_countdown_text": 14,
        "color_countdown": "#f42b23",
        "countdown_margin_left": 15,
        "product_block_per_row": "4",
        "product_block_infinite_scroll": true,
        "product_block_swipe_on_mobile": true,
        "enable_product_card_pd_bottom": false,
        "product_card_pd_bottom": 40,
        "product_block_dots": false,
        "product_block_dots_mb": true,
        "spacing_top_dots": 0,
        "product_block_arrows": true,
        "product_block_arrows_mb": false,
        "enable_hover_arrow": false,
        "product_block_progress_bar": false,
        "product_block_counter_number": false,
        "enable_infinite": true,
        "position_vertical_arrow": "70px",
        "product_block_show": "5",
        "product_block_per_view": "4",
        "show_half": true,
        "scroll_height": 4,
        "scroll_track_bg": "#f1f1f1",
        "scroll_thumb_color": "#000",
        "scroll_thumb_hover_color": "#444",
        "position": "left",
        "width_banner": 40,
        "display_list_collection": false,
        "collection_color": "#202020",
        "collection_color_hover": "#3e8cc4",
        "collection_bg_color": "#fff",
        "collection_bg_color_gradient": "",
        "text_list": "View all categories",
        "url_list": "",
        "enable_layout_special": false,
        "bg_card": "#fff",
        "padding_card": 15,
        "border_radius_card": 5,
        "border_layout_card": "full",
        "border_width_card": 5,
        "border_color_card": "#f0f1f4",
        "mg_top_desktop": 50,
        "mg_top_tablet": 50,
        "mg_top_mobile": 50,
        "mg_bottom_desktop": 50,
        "mg_bottom_tablet": 50,
        "mg_bottom_mobile": 50
      }
    }
  },
  "order": [
    "main",
    "image_banner_xaxt9C",
    "product_block_gnReQC"
  ]
}
