{
  "sections": {
    "main": {
      "type": "main-faqs-page",
      "blocks": {
        "15d9d2f4-1bdd-49c8-9a99-58246020f05c": {
          "type": "paragraph",
          "settings": {
            "title": "Pre Sale Questions",
            "question_1": "Q: “Will your template be fully compatible with Shopify?”",
            "answer_1": "<p>Yes it will be<\/p>",
            "question_2": "Q: “What is included in the theme package?”",
            "answer_2": "<p>Please make sure that you follow below steps:\n<br><br>\n1\/ Download the package from themeforest.net (The file is in zip format)\n<br><br>\n2\/ Extract the file you've just downloaded (Don't forget this step).\n<br><br>\n3\/ Find this file: ella-x.x.x-sections-ready.zip in the folder Ella Sections Ready x.x.x, then you just need to upload ella-x.x.x-sections-ready.zip file to your Shopify store.\n<br><br>\n- If you would like to use Ella RTL version. Please find this file: ella-x.x.x-sections-ready-rtl.zip in the folder Ella Sections Ready x.x.x RTL, then you just need to upload ella-x.x.x-sections-ready-rtl.zip file to your Shopify store\n<br><br>\n- If you want to install child theme, please go to the corresponding theme folder<\/p>",
            "question_3": "Q: “Do you guys offer a refund or exchange?”",
            "answer_3": "<p>To save your time and reach our support quickly, please follow below steps:\n\t<br>\n\t<\/p>\n\t<ul style=\"list-style-type: none; padding: 0; margin: 0; margin-top: 8px;\">\n\t<li class=\"list-item\">\n\t<div class=\"list-circle-container\">\n\t\t<span class=\"list-circle\"><\/span>\n\t<\/div>\n\t<span class=\"list-item-content\">Create a staff account for us (with Themes permission and Settings permission) <a style=\"color: #0688E2;\" href=\"http:\/\/docs.shopify.com\/manual\/settings\/account\/staff-members\">http:\/\/docs.shopify.com\/manual\/settings\/account\/staff-members<\/a><\/span>\n\t<\/li>\n\t<li class=\"list-item\">\n\t<div class=\"list-circle-container\">\n\t\t<span class=\"list-circle\"><\/span>\n\t<\/div>\n\t<span class=\"list-item-content\">\n\tCapture screenshot or video for the issue you get.\n\t<\/span>\n\t<\/li>\n\t<li class=\"list-item\">\n\t<div class=\"list-circle-container\">\n\t\t<span class=\"list-circle\"><\/span>\n\t<\/div>\n\t<span class=\"list-item-content\">\n\tSpecify which template and version you are using.\n\t<\/span>\n\t<\/li>\n\t<li class=\"list-item\">\n\t<div class=\"list-circle-container\">\n\t\t<span class=\"list-circle\"><\/span>\n\t<\/div>\n\t<span class=\"list-item-content\">\n\tDescribe clearly how to reproduce the issue.\n\t<\/span>\n\t<\/li>\n\t<li class=\"list-item\">\n\t<div class=\"list-circle-container\">\n\t\t<span class=\"list-circle\"><\/span>\n\t<\/div>\n\t<span class=\"list-item-content\">\n\tSend all information (staff account, screenshot, video, template name and version, description of the issues, link) to \n\t<a href=\"mailto:email@domain.com\">email@domain.com<\/a>\n\t<\/span>\n\t<\/li>\n\t<\/ul>\n\t<p><\/p>\n\t<style>\n\t\t.list-item {\n\t\t\tmargin-top: 13px;\n\t\t\theight: max-content;\n\t\t\tdisplay: flex;\n\t\t\tgap: 11px;\n\t}\n\n\t.list-circle-container {\n\t\theight: 100%;\n\t\twidth: 7px;\n\t\tmargin: 0;\n\t\tpadding: 0;\n\t}\n\t\n\t.list-item:first-child {\n\t\tmargin-top: 18px;\n\t}\n\t\n\t.list-circle {\n\t\twidth: 7px;\n\t\theight: 7px;\n\t\tborder-radius: 50%;\n\t\tbackground-color: var(--color-text);\n\t}\n\t\n\t.list-circle:empty {\n\t\tdisplay: inline-block;\n\t}\n\n\t.list-item a {\n\ttext-decoration: underline;\n\t}\n\n\t<\/style>",
            "question_4": "Q: “Would assistance be available to upload the template if needed?”",
            "answer_4": "<p>Yes, we will assist you to install the template if needed<\/p>",
            "question_5": "Q: “Do you guys offer customisation services for your themes?”",
            "answer_5": "<p> Yes, we do. Please send your customisation requests to email@domain.com, we will give you our quote. Thank you.\n<\/p>",
            "question_6": "Q: “Do you guys provide customer support during weekends\/holidays?”",
            "answer_6": "<p>Normally we don't provide support during weekends, except for urgent cases. In these cases, you only need to mark “Urgent” in your email, we will get back to you ASAP.\n<\/p>",
            "question_7": "Q: “What I have to do when I need your support?”",
            "answer_7": "<p>1\/ Create a staff account for us (with Themes permission and Settings permission) <a href=\"http:\/\/docs.shopify.com\/manual\/settings\/account\/staff-members\" title=\"http:\/\/docs.shopify.com\/manual\/settings\/account\/staff-members\">http:\/\/docs.shopify.com\/manual\/settings\/account\/staff-members<\/a><\/p>\n<p>2\/ Capture screenshot or video for the issue you get.<\/p>\n<p>3\/ Specify which template and version you are using.<\/p>\n<p>4\/ Describe clearly how to reproduce the issue.<\/p>\n<p>5\/ Submit a support ticket at here: <a href=\"https:\/\/halosoft.ticksy.com\/\" title=\"https:\/\/halosoft.ticksy.com\/\">https:\/\/halosoft.ticksy.com\/<\/a>. Our support team will get back to you soonest, please help us to wait.<\/p>",
            "question_8": "",
            "answer_8": "",
            "question_9": "",
            "answer_9": "",
            "question_10": "",
            "answer_10": ""
          }
        },
        "f4d12560-a07c-4bd4-a934-2a8eddeaccc9": {
          "type": "paragraph",
          "settings": {
            "title": "Technical + Theme Questions",
            "question_1": "Q: “I cannot upload the theme to my Shopify store\/Shopify alerts that the file is too big to upload, what is the problem?”",
            "answer_1": "<p>Use overlay text to give your customers insight into your brand. Select image and text that relates to your style and story.<\/p>",
            "question_2": "Q: “Can I turn on\/off Lazy Loading Image\/Item Animation\/Fade Up on the page?”",
            "answer_2": "<p>Use overlay text to give your customers insight into your brand. Select image and text that relates to your style and story.<\/p>",
            "question_3": "Q: “I want to have the dropdown cart displayed automatically every time clients hover over it (instead of clicking on it). Is it possible?”",
            "answer_3": "<p>Use overlay text to give your customers insight into your brand. Select image and text that relates to your style and story.<\/p>",
            "question_4": "Q: “Can I turn on\/off some blocks on the page?”",
            "answer_4": "<p>Use overlay text to give your customers insight into your brand. Select image and text that relates to your style and story.<\/p>",
            "question_5": "Q: “I notice that the images used in the theme are all portrait. Will that be a problem if I use square images for our products? How will they be displayed in the theme?”",
            "answer_5": "<p>Use overlay text to give your customers insight into your brand. Select image and text that relates to your style and story.<\/p>",
            "question_6": "Q: “Does the theme support image resizing and cropping?”",
            "answer_6": "<p>Use overlay text to give your customers insight into your brand. Select image and text that relates to your style and story.<\/p>",
            "question_7": "Q: “Can I add borders around our product images?”",
            "answer_7": "<p>Use overlay text to give your customers insight into your brand. Select image and text that relates to your style and story.<\/p>",
            "question_8": "Q: “Can I have multi level menu?”",
            "answer_8": "<p>Use overlay text to give your customers insight into your brand. Select image and text that relates to your style and story.<\/p>",
            "question_9": "Q: “Does the theme support variant image?”",
            "answer_9": "<p>Use overlay text to give your customers insight into your brand. Select image and text that relates to your style and story.<\/p>",
            "question_10": "",
            "answer_10": ""
          }
        }
      },
      "block_order": [
        "15d9d2f4-1bdd-49c8-9a99-58246020f05c",
        "f4d12560-a07c-4bd4-a934-2a8eddeaccc9"
      ],
      "settings": {
        "container": "1170",
        "padding_full_width": 0,
        "show_breadcrumb": true,
        "breadcrumb_alignment": "left",
        "breadcrumb_bg": "",
        "breadcrumb_gradient": "",
        "breadcrumb_bg_mb": "#f6f6f6",
        "breadcrumb_gradient_mb": "",
        "show_page_title": true,
        "page_title_alignment": "left",
        "show_faqs_filter": true,
        "faqs_text": "<p>If you have an issue or question that requires immediate assistance, you can click the button below to chat live with a Customer Service representative. If we aren’t available, drop us an email and we will get back to you within 20-36 hours!<\/p>",
        "faqs_message_heading": "Need Help?",
        "faqs_message_text": "<p>If you have an issue or question that requires immediate assistance, you can click the button below to chat live with a Customer Service representative. If we aren’t available, drop us an email and we will get back to you within 20-36 hours!<\/p>",
        "message_method_link_1": "https:\/\/facebook.com",
        "message_method_text_1": "Message Us",
        "message_method_link_2": "https:\/\/gmail.com",
        "message_method_text_2": "Contact Us",
        "contact_content_text": "Unable to find satisfactory answers ?",
        "contact_text": "Contact Support",
        "contact_link": "shopify:\/\/pages\/contact-us-2",
        "contact_color": "#ffffff",
        "contact_color_border": "#ef6454",
        "contact_color_bg": "#ef6454",
        "contact_color_bg_gradient": "",
        "contact_color_hover": "#ffffff",
        "contact_color_border_hover": "#e93d29",
        "contact_color_bg_hover": "#e93d29",
        "contact_color_bg_gradient_hover": "",
        "mg_top_desktop": 0,
        "mg_top_tablet": 0,
        "mg_top_mobile": 0,
        "mg_bottom_desktop": 0,
        "mg_bottom_tablet": 0,
        "mg_bottom_mobile": 0
      }
    }
  },
  "order": [
    "main"
  ]
}
