{
  "sections": {
    "main": {
      "type": "main-portfolio-1-page",
      "blocks": {
        "85fad1b5-198d-4709-adda-0270dd4c017d": {
          "type": "gallery",
          "settings": {
            "gallery_name": "Cosmopolis",
            "thumbnail": "shopify:\/\/shop_images\/pinky-shoes.jpg",
            "gallery_title": "",
            "gallery_description": "",
            "gallery_text_color": "",
            "gallery_content_background_color": "",
            "thumbnail_action": "show_images",
            "thumbnail_link": "",
            "thumbnail_image_1": "shopify:\/\/shop_images\/image-collection-5-2_dcc1d59f-64ff-4d8f-ac18-d3ac154ec0fa.jpg",
            "thumbnail_image_2": "shopify:\/\/shop_images\/shoes.jpg",
            "thumbnail_image_3": "shopify:\/\/shop_images\/black-purse.jpg"
          }
        },
        "8e45179b-73f8-45a7-a1f8-4ad1f004a96f": {
          "type": "gallery",
          "settings": {
            "gallery_name": "Suitó",
            "thumbnail": "shopify:\/\/shop_images\/ella.jpg",
            "gallery_title": "",
            "gallery_description": "",
            "gallery_text_color": "",
            "gallery_content_background_color": "",
            "thumbnail_action": "to_link",
            "thumbnail_link": "shopify:\/\/collections",
            "thumbnail_image_1": "shopify:\/\/shop_images\/image.jpg",
            "thumbnail_image_2": "shopify:\/\/shop_images\/watch.jpg",
            "thumbnail_image_3": "shopify:\/\/shop_images\/green-girl.jpg"
          }
        },
        "70e9a9eb-1215-4eda-b748-1f05804b7fd6": {
          "type": "gallery",
          "settings": {
            "gallery_name": "Cosmopolis",
            "thumbnail": "shopify:\/\/shop_images\/purse.jpg",
            "gallery_title": "",
            "gallery_description": "",
            "gallery_text_color": "",
            "gallery_content_background_color": "",
            "thumbnail_action": "show_images",
            "thumbnail_link": "",
            "thumbnail_image_1": "shopify:\/\/shop_images\/pinky-purse.jpg",
            "thumbnail_image_2": "shopify:\/\/shop_images\/sweater_cc1c0924-dd7d-4b22-ad6e-d4ee93cc7587.jpg"
          }
        },
        "6b8d9386-3e55-4d08-8281-1c8690d5ad8e": {
          "type": "gallery",
          "settings": {
            "gallery_name": "Milancélos",
            "thumbnail": "shopify:\/\/shop_images\/yellow-gown_d731c7cc-b3b3-4e15-909d-ac2dc40dead1.jpg",
            "gallery_title": "",
            "gallery_description": "",
            "gallery_text_color": "#ffffff",
            "gallery_content_background_color": "#232323",
            "thumbnail_action": "to_link",
            "thumbnail_link": "shopify:\/\/collections"
          }
        },
        "17d45a42-2ab9-4659-ae22-c04cc177a4e4": {
          "type": "gallery",
          "settings": {
            "gallery_name": "Suitó",
            "thumbnail": "shopify:\/\/shop_images\/man.jpg",
            "gallery_title": "Habitasse Molateas",
            "gallery_description": "Dosuere lobortis de scelerisque cosmopolis.",
            "gallery_text_color": "#ffffff",
            "gallery_content_background_color": "#232323",
            "thumbnail_action": "show_images",
            "thumbnail_link": "",
            "thumbnail_image_1": "shopify:\/\/shop_images\/man_e2ef5eff-4ad4-4d27-aef2-64618aa39d89.jpg"
          }
        },
        "ada974df-ff16-43b2-9681-3c5173765ea9": {
          "type": "gallery",
          "settings": {
            "gallery_name": "Blazéro",
            "thumbnail": "shopify:\/\/shop_images\/black-bag.jpg",
            "gallery_title": "Ferment Loremous",
            "gallery_description": "Dosuere lobortis de scelerisque cosmopolis.",
            "gallery_text_color": "#ffffff",
            "gallery_content_background_color": "#232323",
            "thumbnail_action": "show_images",
            "thumbnail_link": "",
            "thumbnail_image_1": "shopify:\/\/shop_images\/black-purse.jpg",
            "thumbnail_image_2": "shopify:\/\/shop_images\/shoes.jpg"
          }
        },
        "ac28fcec-dfed-4ff1-a589-e10fcf4755d0": {
          "type": "gallery",
          "settings": {
            "gallery_name": "Glamos",
            "thumbnail": "shopify:\/\/shop_images\/sweater.jpg",
            "gallery_title": "Malesuada Sarcus",
            "gallery_description": "Dosuere lobortis de scelerisque cosmopolis.",
            "gallery_text_color": "#ffffff",
            "gallery_content_background_color": "#232323",
            "thumbnail_action": "show_images",
            "thumbnail_link": "",
            "thumbnail_image_1": "shopify:\/\/shop_images\/pinky-purse.jpg",
            "thumbnail_image_2": "shopify:\/\/shop_images\/sweater_cc1c0924-dd7d-4b22-ad6e-d4ee93cc7587.jpg"
          }
        },
        "53b6c07a-c625-43e5-a508-87e785d228d9": {
          "type": "gallery",
          "settings": {
            "gallery_name": "Metropolis",
            "thumbnail": "shopify:\/\/shop_images\/pants.jpg",
            "gallery_title": "",
            "gallery_description": "",
            "gallery_text_color": "",
            "gallery_content_background_color": "",
            "thumbnail_action": "to_link",
            "thumbnail_link": "shopify:\/\/products\/cosmo-naminos-delementum-bra"
          }
        },
        "77e9e951-2f1c-4cfb-aa8a-f512b007f0b7": {
          "type": "gallery",
          "settings": {
            "gallery_name": "Cosmopolis",
            "thumbnail": "shopify:\/\/shop_images\/watch.jpg",
            "gallery_title": "Malesuada Sarcus",
            "gallery_description": "Dosuere lobortis de scelerisque cosmopolis.",
            "gallery_text_color": "#ffffff",
            "gallery_content_background_color": "#232323",
            "thumbnail_action": "to_link",
            "thumbnail_link": "shopify:\/\/products\/dinterdum-pretium-es-mauris-condimentus-1"
          }
        },
        "750ba515-d222-454d-85ca-6609e08ef952": {
          "type": "gallery",
          "settings": {
            "gallery_name": "Suitó",
            "thumbnail": "shopify:\/\/shop_images\/office-female.jpg",
            "gallery_title": "",
            "gallery_description": "",
            "gallery_text_color": "",
            "gallery_content_background_color": "",
            "thumbnail_action": "show_images",
            "thumbnail_link": "",
            "thumbnail_image_1": "shopify:\/\/shop_images\/model.jpg",
            "thumbnail_image_2": "shopify:\/\/shop_images\/summer-vibe.jpg"
          }
        },
        "ad927a91-f504-47d6-bf81-75639b0f73bc": {
          "type": "gallery",
          "settings": {
            "gallery_name": "Metropolis",
            "thumbnail": "shopify:\/\/shop_images\/yellow-skirt.jpg",
            "gallery_title": "",
            "gallery_description": "",
            "gallery_text_color": "",
            "gallery_content_background_color": "",
            "thumbnail_action": "show_images",
            "thumbnail_link": "",
            "thumbnail_image_1": "shopify:\/\/shop_images\/summer-vibe.jpg",
            "thumbnail_image_2": "shopify:\/\/shop_images\/model.jpg"
          }
        },
        "0716c3ce-5c75-4a28-857c-8f55e30f35ee": {
          "type": "gallery",
          "settings": {
            "gallery_name": "Blazéro",
            "thumbnail": "shopify:\/\/shop_images\/black-and-white.jpg",
            "gallery_title": "Ferment Loremous",
            "gallery_description": "Dosuere lobortis de scelerisque cosmopolis.",
            "gallery_text_color": "#ffffff",
            "gallery_content_background_color": "#232323",
            "thumbnail_action": "to_link",
            "thumbnail_link": "shopify:\/\/collections"
          }
        },
        "d56ef8b6-2fe5-483c-9abf-9e4d6c58fc49": {
          "type": "gallery",
          "settings": {
            "gallery_name": "Cosmopolis",
            "thumbnail": "shopify:\/\/shop_images\/image-subcollection-3-mobile_93174fa2-0adb-4d5b-98e7-b404d03e3b14.jpg",
            "gallery_title": "",
            "gallery_description": "",
            "gallery_text_color": "",
            "gallery_content_background_color": "",
            "thumbnail_action": "to_link",
            "thumbnail_link": "shopify:\/\/products\/copy-of-dinterdum-pretium-es-mauris-condimentus-2"
          }
        },
        "b3617fd8-c0e4-4991-b7ea-b038258459b2": {
          "type": "gallery",
          "settings": {
            "gallery_name": "Cosmopolis",
            "thumbnail": "shopify:\/\/shop_images\/image-subcollection-8.jpg",
            "gallery_title": "",
            "gallery_description": "",
            "gallery_text_color": "",
            "gallery_content_background_color": "",
            "thumbnail_action": "to_link",
            "thumbnail_link": "shopify:\/\/collections\/blazero"
          }
        },
        "54d5b770-6912-4ad0-be63-7bacf92d9e39": {
          "type": "gallery",
          "settings": {
            "gallery_name": "",
            "thumbnail": "shopify:\/\/shop_images\/image-collection-5-7_76f80efe-b6f7-4db2-a024-37634c846ea5.jpg",
            "gallery_title": "",
            "gallery_description": "",
            "gallery_text_color": "",
            "gallery_content_background_color": "",
            "thumbnail_action": "show_images",
            "thumbnail_link": "",
            "thumbnail_image_1": "shopify:\/\/shop_images\/shoes.jpg",
            "thumbnail_image_2": "shopify:\/\/shop_images\/pinky-purse.jpg"
          }
        }
      },
      "block_order": [
        "85fad1b5-198d-4709-adda-0270dd4c017d",
        "8e45179b-73f8-45a7-a1f8-4ad1f004a96f",
        "70e9a9eb-1215-4eda-b748-1f05804b7fd6",
        "6b8d9386-3e55-4d08-8281-1c8690d5ad8e",
        "17d45a42-2ab9-4659-ae22-c04cc177a4e4",
        "ada974df-ff16-43b2-9681-3c5173765ea9",
        "ac28fcec-dfed-4ff1-a589-e10fcf4755d0",
        "53b6c07a-c625-43e5-a508-87e785d228d9",
        "77e9e951-2f1c-4cfb-aa8a-f512b007f0b7",
        "750ba515-d222-454d-85ca-6609e08ef952",
        "ad927a91-f504-47d6-bf81-75639b0f73bc",
        "0716c3ce-5c75-4a28-857c-8f55e30f35ee",
        "d56ef8b6-2fe5-483c-9abf-9e4d6c58fc49",
        "b3617fd8-c0e4-4991-b7ea-b038258459b2",
        "54d5b770-6912-4ad0-be63-7bacf92d9e39"
      ],
      "settings": {
        "show_breadcrumb": true,
        "breadcrumb_color": "#ffffff",
        "breadcrumb_alignment": "center",
        "show_page_title": true,
        "page_title_color": "#ffffff",
        "page_title_alignment": "center",
        "header_container": "fullwidth",
        "header_side_padding_full_width": 0,
        "header_bg_image": "shopify:\/\/shop_images\/portfolio-1-bg_8d80f5e2-d4a2-409b-8224-6ed646db580f.png",
        "header_bg_image_height": 270,
        "enable_parallax": false,
        "mg_top_desktop": 0,
        "mg_top_tablet": 0,
        "mg_top_mobile": 0,
        "mg_bottom_desktop": 100,
        "mg_bottom_tablet": 50,
        "mg_bottom_mobile": 40,
        "show_filter": true,
        "menu_bar_background": "#fafafa",
        "menu_bar_border": "#fafafa",
        "menu_item_background": "",
        "menu_item_text_color": "#3c3c3c",
        "menu_item_background_color_h": "",
        "menu_item_text_color_h": "#bb6100",
        "page_heading": "",
        "page_des": "Lorem ipsum dolor sit amet consectetur adipiscing elit. Quisque non nulla nulla de tincidunt risus morbi ultricies est ditae odio mmultrices.",
        "page_des_width": 480,
        "content_alignment": "center",
        "filter_container": "1770",
        "filter_side_padding_full_width": 0,
        "item_per_row": "3",
        "enabled_infinite_scrolling": true,
        "gallery_limit": 12,
        "icon_color": "#ffffff",
        "icon_bg_color": "#232323",
        "btn_text": "Show more",
        "btn_text_color": "#232323",
        "btn_bg": "#ffffff",
        "btn_gradient": "",
        "btn_border_color": "#727272",
        "btn_text_color_hover": "#ffffff",
        "btn_bg_hover": "#232323",
        "btn_gradient_hover": "",
        "btn_border_color_hover": "#232323",
        "btn_max_width": 290
      }
    }
  },
  "order": [
    "main"
  ]
}
