{"current":{"layout_body":"default","body_custom_width_size":1200,"type_font_1":"google_fonts","type_font_1_name":"Poppins","type_font_1_font":"poppins_n5","type_font_2":"google_fonts","type_font_2_name":"Poppins","type_font_2_font":"poppins_n5","type_body":"font_1","type_body_font_size":16,"type_body_font_weight":"400","type_body_line_height":26,"type_body_letter_spacing":"0","type_heading":"font_2","type_heading_font_size":24,"type_heading_font_weight":"500","type_heading_font_style":"normal","type_heading_text_transform":"capitalize","type_heading_line_height":24,"type_heading_letter_spacing":"","type_menu_lv_1":"font_1","type_menu_lv1_font_size":16,"type_menu_lv1_font_weight":"600","type_menu_lv1_text_transform":"uppercase","type_menu_lv1_line_height":24,"type_menu_lv1_letter_spacing":"0","type_menu_lv_2":"font_1","type_menu_lv2_font_size":14,"type_menu_lv2_font_weight":"400","type_menu_lv2_text_transform":"capitalize","type_menu_lv2_line_height":24,"type_menu_lv2_letter_spacing":"0","type_menu_lv_3":"font_1","type_menu_lv3_font_size":14,"type_menu_lv3_font_weight":"400","type_menu_lv3_text_transform":"capitalize","type_menu_lv3_line_height":24,"type_menu_lv3_letter_spacing":"0","type_mega_menu_lv_2":"font_1","type_mega_menu_lv2_font_size":14,"type_mega_menu_lv2_font_weight":"700","type_mega_menu_lv2_font_style":"normal","type_mega_menu_lv2_text_transform":"uppercase","type_mega_menu_lv2_line_height":24,"type_mega_menu_lv2_letter_spacing":"0","type_mega_menu_lv_3":"font_1","type_mega_menu_lv3_font_size":14,"type_mega_menu_lv3_font_weight":"400","type_mega_menu_lv3_text_transform":"capitalize","type_mega_menu_lv3_line_height":24,"type_mega_menu_lv3_letter_spacing":"0","product_title_font":"font_1","product_title_font_size":16,"product_title_font_weight":"400","product_title_text_transform":"capitalize","product_title_line_height":22,"product_title_letter_spacing":"","product_title_line_text":"2","product_vendor_font_size":16,"product_vendor_font_weight":"700","product_vendor_text_transform":"capitalize","product_vendor_line_height":24,"product_vendor_letter_spacing":"","product_price_font_size":16,"product_price_font_weight":"600","product_price_letter_spacing":"0","badge_letter_spacing":"","blog_title_font":"font_1","blog_title_font_size":16,"blog_title_font_weight":"700","blog_title_text_transform":"capitalize","blog_title_line_height":25,"blog_title_letter_spacing":"0","type_button_1":"font_1","type_button_1_font_size":16,"type_button_1_font_weight":"700","type_button_1_text_transform":"uppercase","button_1_line_height":24,"button_1_letter_spacing":".05em","button_1_border_radius":0,"button_1_border_width":2,"button_1_border_style":"solid","button_1_text_align":"center","button_1_padding_top":11,"button_1_padding_bottom":11,"button_1_horizontal_length":0,"button_1_vertical_length":0,"button_1_blur_radius":0,"btn_1_bg_box_shadow":"#06bfe2","btn_1_bg_box_shadow_hover":"#000000","button_1_opacity":"1","button_1_inset":"no","type_button_2":"font_1","type_button_2_font_size":16,"type_button_2_font_weight":"700","type_button_2_text_transform":"uppercase","button_2_line_height":24,"button_2_letter_spacing":".05em","button_2_border_radius":0,"button_2_border_width":2,"button_2_text_align":"center","button_2_padding_top":13,"button_2_padding_bottom":13,"button_2_horizontal_length":0,"button_2_vertical_length":0,"button_2_blur_radius":0,"btn_2_bg_box_shadow":"#ffffff","btn_2_bg_box_shadow_hover":"#000000","button_2_opacity":"1","type_button_3":"font_1","type_button_3_font_size":16,"type_button_3_font_weight":"600","type_button_3_text_transform":"capitalize","button_3_line_height":24,"button_3_letter_spacing":".02em","button_3_border_radius":0,"button_3_border_width":2,"button_3_padding_top":11,"button_3_padding_bottom":11,"button_3_horizontal_length":0,"button_3_vertical_length":0,"btn_3_bg_box_shadow":"#f8f8f8","btn_3_bg_box_shadow_hover":"#f8f8f8","button_3_opacity":"1","favicon":"shopify:\/\/shop_images\/WhatsApp_Image_2025-11-14_at_9.22.53_PM-removebg-preview_1.png","after_add_to_cart":"cart","show_customer_login":true,"customer_login_btn_2":"2","global_checkbox_text":"I agree with","global_checkbox_link_text":"Terms & Conditions","global_checkbox_content":"","swatch_border_radius":0,"swatch_type":"color","customization_option_hidden":false,"enable_lazyload":false,"trust_image_product_1":"shopify:\/\/shop_images\/security-image-1.png","trust_image_product_2":"shopify:\/\/shop_images\/security-image-2.png","trust_image_product_3":"shopify:\/\/shop_images\/security-image-3.png","trust_image_product_4":"shopify:\/\/shop_images\/security-image-4.png","trust_image_cart_1":"shopify:\/\/shop_images\/image-trust.jpg","enable_button_disable_arrows":true,"type_arrow_radius":50,"type_arrow_size_icon":17,"style_dots":"01","pagination_style":"2","show_effect_close":false,"product_card_layout":"02","disable_product_card_border":true,"enable_custom_layout_card":false,"product_block_image_ratio":"square","portrait_height":"","product_block_image_fit":"cover","show_image_loading":true,"show_vendor":false,"display_item_size":false,"style_text_size_varriant":"02","display_text_size":false,"display_text_color_title":false,"style_text_color_varriant":"02","show_compare":false,"product_compare_type":"default","show_quick_view":false,"show_quick_view_mb":false,"product_quick_view_type":"default","group_quickview_wishlist":"left","product_content_text_align":"center","show_badge":false,"badge_style":"leaf","badge_postion":"right","show_new_badge":false,"show_sale_badge":false,"sale_badge_type":"text","show_custom_badge":false,"show_swatch":false,"point_product_swatch_custom":"30px","show_action":true,"show_quick_shop":false,"quick_shop_type":"3","enable_multilang_shopify":false,"lange_1":"en","i-lang-1":"<svg xmlns=\"http:\/\/www.w3.org\/2000\/svg\" version=\"1.1\" id=\"Layer_1\" x=\"0px\" y=\"0px\" viewbox=\"0 0 512 512\" style=\"enable-background:new 0 0 512 512;\" xmlns:xlink=\"http:\/\/www.w3.org\/1999\/xlink\" xml:space=\"preserve\">\n<circle style=\"fill:#F0F0F0;\" cx=\"256\" cy=\"256\" r=\"256\"><\/circle>\n<g>\n\t<path style=\"fill:#0052B4;\" d=\"M52.92,100.142c-20.109,26.163-35.272,56.318-44.101,89.077h133.178L52.92,100.142z\"><\/path>\n\t<path style=\"fill:#0052B4;\" d=\"M503.181,189.219c-8.829-32.758-23.993-62.913-44.101-89.076l-89.075,89.076H503.181z\"><\/path>\n\t<path style=\"fill:#0052B4;\" d=\"M8.819,322.784c8.83,32.758,23.993,62.913,44.101,89.075l89.074-89.075L8.819,322.784L8.819,322.784   z\"><\/path>\n\t<path style=\"fill:#0052B4;\" d=\"M411.858,52.921c-26.163-20.109-56.317-35.272-89.076-44.102v133.177L411.858,52.921z\"><\/path>\n\t<path style=\"fill:#0052B4;\" d=\"M100.142,459.079c26.163,20.109,56.318,35.272,89.076,44.102V370.005L100.142,459.079z\"><\/path>\n\t<path style=\"fill:#0052B4;\" d=\"M189.217,8.819c-32.758,8.83-62.913,23.993-89.075,44.101l89.075,89.075V8.819z\"><\/path>\n\t<path style=\"fill:#0052B4;\" d=\"M322.783,503.181c32.758-8.83,62.913-23.993,89.075-44.101l-89.075-89.075V503.181z\"><\/path>\n\t<path style=\"fill:#0052B4;\" d=\"M370.005,322.784l89.075,89.076c20.108-26.162,35.272-56.318,44.101-89.076H370.005z\"><\/path>\n<\/g>\n<g>\n\t<path style=\"fill:#D80027;\" d=\"M509.833,222.609h-220.44h-0.001V2.167C278.461,0.744,267.317,0,256,0   c-11.319,0-22.461,0.744-33.391,2.167v220.44v0.001H2.167C0.744,233.539,0,244.683,0,256c0,11.319,0.744,22.461,2.167,33.391   h220.44h0.001v220.442C233.539,511.256,244.681,512,256,512c11.317,0,22.461-0.743,33.391-2.167v-220.44v-0.001h220.442   C511.256,278.461,512,267.319,512,256C512,244.683,511.256,233.539,509.833,222.609z\"><\/path>\n\t<path style=\"fill:#D80027;\" d=\"M322.783,322.784L322.783,322.784L437.019,437.02c5.254-5.252,10.266-10.743,15.048-16.435   l-97.802-97.802h-31.482V322.784z\"><\/path>\n\t<path style=\"fill:#D80027;\" d=\"M189.217,322.784h-0.002L74.98,437.019c5.252,5.254,10.743,10.266,16.435,15.048l97.802-97.804   V322.784z\"><\/path>\n\t<path style=\"fill:#D80027;\" d=\"M189.217,189.219v-0.002L74.981,74.98c-5.254,5.252-10.266,10.743-15.048,16.435l97.803,97.803   H189.217z\"><\/path>\n\t<path style=\"fill:#D80027;\" d=\"M322.783,189.219L322.783,189.219L437.02,74.981c-5.252-5.254-10.743-10.266-16.435-15.047   l-97.802,97.803V189.219z\"><\/path>\n<\/g>\n<g>\n<\/g>\n<g>\n<\/g>\n<g>\n<\/g>\n<g>\n<\/g>\n<g>\n<\/g>\n<g>\n<\/g>\n<g>\n<\/g>\n<g>\n<\/g>\n<g>\n<\/g>\n<g>\n<\/g>\n<g>\n<\/g>\n<g>\n<\/g>\n<g>\n<\/g>\n<g>\n<\/g>\n<g>\n<\/g>\n<\/svg>","lange_2":"de","i-lang-2":"<svg xmlns=\"http:\/\/www.w3.org\/2000\/svg\" version=\"1.1\" id=\"Layer_1\" x=\"0px\" y=\"0px\" viewbox=\"0 0 512 512\" style=\"enable-background:new 0 0 512 512;\" xmlns:xlink=\"http:\/\/www.w3.org\/1999\/xlink\" xml:space=\"preserve\">\n<path style=\"fill:#FFDA44;\" d=\"M15.923,345.043C52.094,442.527,145.929,512,256,512s203.906-69.473,240.077-166.957L256,322.783  L15.923,345.043z\"><\/path>\n<path d=\"M256,0C145.929,0,52.094,69.472,15.923,166.957L256,189.217l240.077-22.261C459.906,69.472,366.071,0,256,0z\"><\/path>\n<path style=\"fill:#D80027;\" d=\"M15.923,166.957C5.633,194.69,0,224.686,0,256s5.633,61.31,15.923,89.043h480.155  C506.368,317.31,512,287.314,512,256s-5.632-61.31-15.923-89.043H15.923z\"><\/path>\n<g>\n<\/g>\n<g>\n<\/g>\n<g>\n<\/g>\n<g>\n<\/g>\n<g>\n<\/g>\n<g>\n<\/g>\n<g>\n<\/g>\n<g>\n<\/g>\n<g>\n<\/g>\n<g>\n<\/g>\n<g>\n<\/g>\n<g>\n<\/g>\n<g>\n<\/g>\n<g>\n<\/g>\n<g>\n<\/g>\n<\/svg>","enable_currencies":false,"currency_1_unit":"USD","i-currency-1":"<svg xmlns=\"http:\/\/www.w3.org\/2000\/svg\" version=\"1.1\" id=\"Layer_1\" x=\"0px\" y=\"0px\" viewbox=\"0 0 512 512\" style=\"enable-background:new 0 0 512 512;\" xmlns:xlink=\"http:\/\/www.w3.org\/1999\/xlink\" xml:space=\"preserve\">\n<circle style=\"fill:#F0F0F0;\" cx=\"256\" cy=\"256\" r=\"256\"><\/circle>\n<g>\n\t<path style=\"fill:#D80027;\" d=\"M244.87,256H512c0-23.106-3.08-45.49-8.819-66.783H244.87V256z\"><\/path>\n\t<path style=\"fill:#D80027;\" d=\"M244.87,122.435h229.556c-15.671-25.572-35.708-48.175-59.07-66.783H244.87V122.435z\"><\/path>\n\t<path style=\"fill:#D80027;\" d=\"M256,512c60.249,0,115.626-20.824,159.356-55.652H96.644C140.374,491.176,195.751,512,256,512z\"><\/path>\n\t<path style=\"fill:#D80027;\" d=\"M37.574,389.565h436.852c12.581-20.529,22.338-42.969,28.755-66.783H8.819   C15.236,346.596,24.993,369.036,37.574,389.565z\"><\/path>\n<\/g>\n<path style=\"fill:#0052B4;\" d=\"M118.584,39.978h23.329l-21.7,15.765l8.289,25.509l-21.699-15.765L85.104,81.252l7.16-22.037  C73.158,75.13,56.412,93.776,42.612,114.552h7.475l-13.813,10.035c-2.152,3.59-4.216,7.237-6.194,10.938l6.596,20.301l-12.306-8.941  c-3.059,6.481-5.857,13.108-8.372,19.873l7.267,22.368h26.822l-21.7,15.765l8.289,25.509l-21.699-15.765l-12.998,9.444  C0.678,234.537,0,245.189,0,256h256c0-141.384,0-158.052,0-256C205.428,0,158.285,14.67,118.584,39.978z M128.502,230.4  l-21.699-15.765L85.104,230.4l8.289-25.509l-21.7-15.765h26.822l8.288-25.509l8.288,25.509h26.822l-21.7,15.765L128.502,230.4z   M120.213,130.317l8.289,25.509l-21.699-15.765l-21.699,15.765l8.289-25.509l-21.7-15.765h26.822l8.288-25.509l8.288,25.509h26.822  L120.213,130.317z M220.328,230.4l-21.699-15.765L176.93,230.4l8.289-25.509l-21.7-15.765h26.822l8.288-25.509l8.288,25.509h26.822  l-21.7,15.765L220.328,230.4z M212.039,130.317l8.289,25.509l-21.699-15.765l-21.699,15.765l8.289-25.509l-21.7-15.765h26.822  l8.288-25.509l8.288,25.509h26.822L212.039,130.317z M212.039,55.743l8.289,25.509l-21.699-15.765L176.93,81.252l8.289-25.509  l-21.7-15.765h26.822l8.288-25.509l8.288,25.509h26.822L212.039,55.743z\"><\/path>\n<g>\n<\/g>\n<g>\n<\/g>\n<g>\n<\/g>\n<g>\n<\/g>\n<g>\n<\/g>\n<g>\n<\/g>\n<g>\n<\/g>\n<g>\n<\/g>\n<g>\n<\/g>\n<g>\n<\/g>\n<g>\n<\/g>\n<g>\n<\/g>\n<g>\n<\/g>\n<g>\n<\/g>\n<g>\n<\/g>\n<\/svg>","currency_2_unit":"EUR","i-currency-2":"<svg xmlns=\"http:\/\/www.w3.org\/2000\/svg\" version=\"1.1\" id=\"Layer_1\" x=\"0px\" y=\"0px\" viewbox=\"0 0 512 512\" style=\"enable-background:new 0 0 512 512;\" xmlns:xlink=\"http:\/\/www.w3.org\/1999\/xlink\" xml:space=\"preserve\">\n<circle style=\"fill:#0052B4;\" cx=\"256\" cy=\"256\" r=\"256\"><\/circle>\n<g>\n\t<polygon style=\"fill:#FFDA44;\" points=\"256.001,100.174 264.29,125.683 291.11,125.683 269.411,141.448 277.7,166.957    256.001,151.191 234.301,166.957 242.59,141.448 220.891,125.683 247.712,125.683  \"><\/polygon>\n\t<polygon style=\"fill:#FFDA44;\" points=\"145.814,145.814 169.714,157.99 188.679,139.026 184.482,165.516 208.381,177.693    181.89,181.889 177.694,208.381 165.517,184.482 139.027,188.679 157.992,169.714  \"><\/polygon>\n\t<polygon style=\"fill:#FFDA44;\" points=\"100.175,256 125.684,247.711 125.684,220.89 141.448,242.59 166.958,234.301 151.191,256    166.958,277.699 141.448,269.411 125.684,291.11 125.684,264.289  \"><\/polygon>\n\t<polygon style=\"fill:#FFDA44;\" points=\"145.814,366.186 157.991,342.286 139.027,323.321 165.518,327.519 177.693,303.62    181.89,330.111 208.38,334.307 184.484,346.484 188.679,372.974 169.714,354.009  \"><\/polygon>\n\t<polygon style=\"fill:#FFDA44;\" points=\"256.001,411.826 247.711,386.317 220.891,386.317 242.591,370.552 234.301,345.045    256.001,360.809 277.7,345.045 269.411,370.552 291.11,386.317 264.289,386.317  \"><\/polygon>\n\t<polygon style=\"fill:#FFDA44;\" points=\"366.187,366.186 342.288,354.01 323.322,372.975 327.519,346.483 303.622,334.307    330.112,330.111 334.308,303.62 346.484,327.519 372.974,323.321 354.009,342.288  \"><\/polygon>\n\t<polygon style=\"fill:#FFDA44;\" points=\"411.826,256 386.317,264.289 386.317,291.11 370.552,269.41 345.045,277.699 360.81,256    345.045,234.301 370.553,242.59 386.317,220.89 386.317,247.712  \"><\/polygon>\n\t<polygon style=\"fill:#FFDA44;\" points=\"366.187,145.814 354.01,169.714 372.975,188.679 346.483,184.481 334.308,208.38    330.112,181.889 303.622,177.692 327.519,165.516 323.322,139.027 342.289,157.991  \"><\/polygon>\n<\/g>\n<g>\n<\/g>\n<g>\n<\/g>\n<g>\n<\/g>\n<g>\n<\/g>\n<g>\n<\/g>\n<g>\n<\/g>\n<g>\n<\/g>\n<g>\n<\/g>\n<g>\n<\/g>\n<g>\n<\/g>\n<g>\n<\/g>\n<g>\n<\/g>\n<g>\n<\/g>\n<g>\n<\/g>\n<g>\n<\/g>\n<\/svg>","currency_3_unit":"GBP","i-currency-3":"<svg xmlns=\"http:\/\/www.w3.org\/2000\/svg\" version=\"1.1\" id=\"Layer_1\" x=\"0px\" y=\"0px\" viewbox=\"0 0 512 512\" style=\"enable-background:new 0 0 512 512;\" xmlns:xlink=\"http:\/\/www.w3.org\/1999\/xlink\" xml:space=\"preserve\">\n<circle style=\"fill:#F0F0F0;\" cx=\"256\" cy=\"256\" r=\"256\"><\/circle>\n<g>\n\t<path style=\"fill:#0052B4;\" d=\"M52.92,100.142c-20.109,26.163-35.272,56.318-44.101,89.077h133.178L52.92,100.142z\"><\/path>\n\t<path style=\"fill:#0052B4;\" d=\"M503.181,189.219c-8.829-32.758-23.993-62.913-44.101-89.076l-89.075,89.076H503.181z\"><\/path>\n\t<path style=\"fill:#0052B4;\" d=\"M8.819,322.784c8.83,32.758,23.993,62.913,44.101,89.075l89.074-89.075L8.819,322.784L8.819,322.784   z\"><\/path>\n\t<path style=\"fill:#0052B4;\" d=\"M411.858,52.921c-26.163-20.109-56.317-35.272-89.076-44.102v133.177L411.858,52.921z\"><\/path>\n\t<path style=\"fill:#0052B4;\" d=\"M100.142,459.079c26.163,20.109,56.318,35.272,89.076,44.102V370.005L100.142,459.079z\"><\/path>\n\t<path style=\"fill:#0052B4;\" d=\"M189.217,8.819c-32.758,8.83-62.913,23.993-89.075,44.101l89.075,89.075V8.819z\"><\/path>\n\t<path style=\"fill:#0052B4;\" d=\"M322.783,503.181c32.758-8.83,62.913-23.993,89.075-44.101l-89.075-89.075V503.181z\"><\/path>\n\t<path style=\"fill:#0052B4;\" d=\"M370.005,322.784l89.075,89.076c20.108-26.162,35.272-56.318,44.101-89.076H370.005z\"><\/path>\n<\/g>\n<g>\n\t<path style=\"fill:#D80027;\" d=\"M509.833,222.609h-220.44h-0.001V2.167C278.461,0.744,267.317,0,256,0   c-11.319,0-22.461,0.744-33.391,2.167v220.44v0.001H2.167C0.744,233.539,0,244.683,0,256c0,11.319,0.744,22.461,2.167,33.391   h220.44h0.001v220.442C233.539,511.256,244.681,512,256,512c11.317,0,22.461-0.743,33.391-2.167v-220.44v-0.001h220.442   C511.256,278.461,512,267.319,512,256C512,244.683,511.256,233.539,509.833,222.609z\"><\/path>\n\t<path style=\"fill:#D80027;\" d=\"M322.783,322.784L322.783,322.784L437.019,437.02c5.254-5.252,10.266-10.743,15.048-16.435   l-97.802-97.802h-31.482V322.784z\"><\/path>\n\t<path style=\"fill:#D80027;\" d=\"M189.217,322.784h-0.002L74.98,437.019c5.252,5.254,10.743,10.266,16.435,15.048l97.802-97.804   V322.784z\"><\/path>\n\t<path style=\"fill:#D80027;\" d=\"M189.217,189.219v-0.002L74.981,74.98c-5.254,5.252-10.266,10.743-15.048,16.435l97.803,97.803   H189.217z\"><\/path>\n\t<path style=\"fill:#D80027;\" d=\"M322.783,189.219L322.783,189.219L437.02,74.981c-5.252-5.254-10.743-10.266-16.435-15.047   l-97.802,97.803V189.219z\"><\/path>\n<\/g>\n<g>\n<\/g>\n<g>\n<\/g>\n<g>\n<\/g>\n<g>\n<\/g>\n<g>\n<\/g>\n<g>\n<\/g>\n<g>\n<\/g>\n<g>\n<\/g>\n<g>\n<\/g>\n<g>\n<\/g>\n<g>\n<\/g>\n<g>\n<\/g>\n<g>\n<\/g>\n<g>\n<\/g>\n<g>\n<\/g>\n<\/svg>","i-currency-4":"<svg xmlns=\"http:\/\/www.w3.org\/2000\/svg\" version=\"1.1\" id=\"Layer_1\" x=\"0px\" y=\"0px\" viewbox=\"0 0 512 512\" style=\"enable-background:new 0 0 512 512;\" xmlns:xlink=\"http:\/\/www.w3.org\/1999\/xlink\" xml:space=\"preserve\">\n<circle style=\"fill:#D80027;\" cx=\"256\" cy=\"256\" r=\"256\"><\/circle>\n<polygon style=\"fill:#F0F0F0;\" points=\"389.565,211.479 300.522,211.479 300.522,122.435 211.478,122.435 211.478,211.479   122.435,211.479 122.435,300.522 211.478,300.522 211.478,389.565 300.522,389.565 300.522,300.522 389.565,300.522 \"><\/polygon>\n<g>\n<\/g>\n<g>\n<\/g>\n<g>\n<\/g>\n<g>\n<\/g>\n<g>\n<\/g>\n<g>\n<\/g>\n<g>\n<\/g>\n<g>\n<\/g>\n<g>\n<\/g>\n<g>\n<\/g>\n<g>\n<\/g>\n<g>\n<\/g>\n<g>\n<\/g>\n<g>\n<\/g>\n<g>\n<\/g>\n<\/svg>","enable_multilevel_categories":false,"category_filter":"main-menu","category_filter_label1":"Select Level 1","category_filter_label2":"Select Level 2","category_filter_label3":"Select Level 3","border_button_filter_color":"#ff736b","quick_search_to_show":4,"show_search_trending":false,"search_trending_title":"","seach_trending_item_1":"","seach_trending_item_2":"","seach_trending_item_3":"","seach_trending_item_4":"","seach_trending_item_5":"","seach_trending_item_6":"","seach_trending_item_7":"","seach_trending_item_8":"","seach_trending_item_9":"","seach_trending_item_10":"","seach_trending_item_11":"","seach_trending_item_12":"","seach_trending_item_13":"","seach_trending_item_14":"","seach_trending_item_15":"","show_search_product":true,"search_product_collection":"party-decoration","search_product_to_show":4,"search_product_per_row":"4","show_quick_cart":false,"quick_cart_redirect_button":"none","quick_cart_redirect_button_link":"","quick_cart_sidebar_item_bg":"#ffffff","quick_cart_sidebar_item_border":"#e8e8e8","quick_cart_sidebar_item_borderw":1,"quick_cart_sidebar_item_borders":"solid","cart_product_gift":"gift-wrapping","gift_content":"Do you want a gift wrap?","main_cart_gift_content":"DO YOU WANT A GIFT WRAP? <span style=\"font-weight: bold\">ONLY FOR $10.00<span><\/span><\/span>","show_cart_shipping":true,"show_additional_checkout_buttons":false,"show_quick_cart_popular_product":true,"quick_cart_popular_product_title":"You May Also Like","quick_cart_popular_product_collection":"suito","quick_cart_popular_product_dots":false,"quick_cart_popular_product_arrows":true,"show_quick_edit_cart":false,"quick_edit_cart_picker_type":"button","quick_view_layout":"3","show_quick_view_short_description":false,"show_countdown":false,"countdown_type":"all_product","countdown_collection":"","show_calculator_free_shipping_message":false,"calculator_free_shipping_message_height":10,"calculator_free_shipping_message_border_radius":20,"calculator_free_shipping_message_color":"#727272","calculator_free_shipping_message_bg":"#ededed","calculator_free_shipping_message_bg_1":"#f44336","calculator_free_shipping_message_bg_2":"#ffc206","show_someone_purchase":false,"someone_purchase_position":"right","show_gdpr_cookie_consent":false,"gdpr_cookie_consent_type":"left","gdpr_cookie_consent_btn_1_link":"https:\/\/policies.google.com\/","gdpr_cookie_consent_btn_2_text":"Accept","gdpr_cookie_consent_color":"#ffffff","gdpr_cookie_consent_color_privacy":"#818181","gdpr_cookie_consent_bg":"#141414","show_newsletter_popup":false,"newsletter_popup_delay":5,"newsletter_popup_image":"shopify:\/\/shop_images\/offer_banner.jpg","popup_newsletter_link_image":"","newsletter_popup_title":"Join Our Mailing List","newsletter_popup_desc":"Sign Up for exclusive updates, \nnew arrivals & insider only discounts","newsletter_popup_note":"No, thanks","select_button_submit":"default","button_newsletter_link":"","show_recently_viewed_popup":false,"recently_viewed_limit":5,"show_recently_viewed_share":false,"show_recently_viewed_top":false,"show_before_you_leave":false,"before_you_leave_time":1,"before_you_leave_logo":"shopify:\/\/shop_images\/ella-logo-black-compressor.png","before_you_leave_bg":"shopify:\/\/shop_images\/before-you.jpg","before_you_leave_content":"<h3 class=\"title\">Before you leave...<\/h3>\n\t\t<p class=\"desc1\">Take 20% off your first order<\/p>\n\t\t<h3 class=\"heading1\">\n\t\t\t<span class=\"text\">20% off<\/span>\n\t\t<\/h3>\n\t\t<p class=\"desc2\">Enter the code below at checkout to get 20% off your first order<\/p>\n\t\t<h3 class=\"heading2\">CODESALE20<\/h3>\n\t\t<a class=\"button button-2\" href=\"\/new-in\">\n\t\t\t<span class=\"text\">Continue Shopping<\/span>\n\t\t<\/a>","before_you_leave_collection":"milancelos","before_you_leave_collection_limit":3,"before_you_leave_btn":"1","notify_form_btn":"1","show_ask_an_expert":false,"ask_an_expert_icon":"<svg xmlns=\"http:\/\/www.w3.org\/2000\/svg\" viewbox=\"0 0 48 48\"><path fill=\"#FFA726\" d=\"M10 22A4 4 0 1 0 10 30 4 4 0 1 0 10 22zM38 22A4 4 0 1 0 38 30 4 4 0 1 0 38 22z\"><\/path><path fill=\"#FFB74D\" d=\"M39,19c0-12.7-30-8.3-30,0c0,1.8,0,8.2,0,10c0,8.3,6.7,15,15,15s15-6.7,15-15C39,27.2,39,20.8,39,19z\"><\/path><path fill=\"#FF5722\" d=\"M24,3C14.6,3,7,10.6,7,20c0,1.2,0,3.4,0,3.4L9,25v-3l21-9.8l9,9.8v3l2-1.6c0,0,0-2.1,0-3.4C41,12,35.3,3,24,3z\"><\/path><path fill=\"#784719\" d=\"M31 24A2 2 0 1 0 31 28 2 2 0 1 0 31 24zM17 24A2 2 0 1 0 17 28 2 2 0 1 0 17 24z\"><\/path><path fill=\"#757575\" d=\"M43,24c-0.6,0-1,0.4-1,1v-7c0-8.8-7.2-16-16-16h-7c-0.6,0-1,0.4-1,1s0.4,1,1,1h7c7.7,0,14,6.3,14,14v10c0,0.6,0.4,1,1,1s1-0.4,1-1v2c0,3.9-3.1,7-7,7H24c-0.6,0-1,0.4-1,1s0.4,1,1,1h11c5,0,9-4,9-9v-5C44,24.4,43.6,24,43,24z\"><\/path><g><path fill=\"#37474F\" d=\"M43 22h-1c-1.1 0-2 .9-2 2v4c0 1.1.9 2 2 2h1c1.1 0 2-.9 2-2v-4C45 22.9 44.1 22 43 22zM24 36A2 2 0 1 0 24 40 2 2 0 1 0 24 36z\"><\/path><\/g><\/svg>","ask_an_expert_banner":"shopify:\/\/shop_images\/ask-an-expert.png","social_twitter_link":"https:\/\/twitter.com\/shopify","social_facebook_link":"https:\/\/www.facebook.com\/shopify","social_pinterest_link":"https:\/\/www.pinterest.com\/shopify\/","social_instagram_link":"https:\/\/www.instagram.com\/shopify\/","social_tiktok_link":"","social_snapchat_link":"https:\/\/www.snapchat.com\/add\/shopify","social_youtube_link":"","social_vimeo_link":"","product_vendor_color":"#232323","product_title_color":"#232323","product_title_color_hover":"#232323","product_price_color":"#232323","product_price_sale_color":"#06bfe2","product_price_compare_color":"#969696","product_countdown_color":"#ff8b21","variant_size_color":"#232323","variant_size_bg":"#ffffff","variant_size_border":"#e7e7e7","variant_size_color_hover":"#ffffff","variant_size_bg_hover":"#06bfe2","variant_size_border_hover":"#232323","product_swatch_border":"#cbcbcb","product_swatch_border_active":"#232323","product_hot_stock_color":"#06bfe2","product_wishlist_bg":"#f5f5f5","product_wishlist_color_added":"#ffffff","product_wishlist_bg_added":"#06bfe2","product_compare_color_added":"#06bfe2","product_quick_view_color":"#ffffff","product_quick_view_bg":"#06bfe2","product_quick_view_bg_hover":"#232830","product_action_color":"#000000","product_action_border":"#06bfe2","product_action_bg":"#ffffff","product_action_color_hover":"#FFFFFF","product_action_border_hover":"#000000","product_action_bg_hover":"#06bfe2","new_badge_color":"#ffffff","new_badge_bg":"#06bfe2","sale_badge_color":"#ffffff","sale_badge_bg":"#06bfe2","sold_out_badge_color":"#ffffff","sold_out_badge_bg":"#c1c1c1","custom_badge_color":"#ffffff","custom_badge_bg":"#505050","bundle_badge_color":"#ffffff","bundle_badge_bg":"#232323","colors_bg":"#ffffff","colors_text":"#2b2b2b","colors_text2":"#969696","colors_text_grey":"#868686","colors_link":"#2b2b2b","colors_link_hover":"#2b2b2b","colors_error":"#06bfe2","colors_success_bg":"#01be98","colors_global":"#232323","colors_arrow":"#232323","border_colors_arrow":"#cccccc","bg_colors_arrow":"#fff","hover_colors_arrow":"#ffffff","hover_border_colors_arrow":"#232323","hover_bg_colors_arrow":"#232323","border_colors_dots":"#868686","colors_dots":"rgba(0,0,0,0)","border_colors_dots_active":"#000000","colors_dots_active":"#00b0d1","pagination_item_border_color_active":"#00b0d1","swatch_border":"#cbcbcb","swatch_border-active":"#232323","variant_color":"#232323","variant_bg":"#ffffff","variant_color_active":"#232323","variant_bg_active":"#ffffff","btn_1_border":"#06bfe2","btn_1_bg":"#06bfe2","btn_1_color_hover":"#000000","btn_1_border_hover":"#000000","btn_1_bg_hover":"#ffffff","btn_2_color":"#232323","btn_2_border":"#727272","btn_2_border_hover":"#232323","btn_2_bg_hover":"#00b0d1","btn_3_border":"#06bfe2","btn_3_bg":"#06bfe2","btn_3_color_hover":"#ffffff","btn_3_border_hover":"#06bfe2","btn_3_bg_hover":"#06bfe2","spinner_right_color":"#01be98","spinner_bottom_color":"#06bfe2","banner_animation":"effect_fade_up","animations_hover_elements":"vertical-lift","use_custom_css":false,"use_custom_js":true,"enable_promotion":false,"enable_sticky_notification":false,"enable_sticky_notification_mb":false,"show_notification_again_when":"refresh","time_interval":"1","notification_vertical_padding":16,"notification_horizontal_padding":50,"notification_background_color":"#000000","notification_background_gradient":"","notification_background_color_hover":"#000000","notification_background_gradient_hover":"","notification_intro_text_desktop":"","notification_intro_text_mobile":"","notification_intro_text_color":"#a1decd","notification_intro_text_color_hover":"#a1decd","notification_intro_text_font_size":14,"notification_intro_text_font_weight":"400","notification_link_text_desktop":"","notification_link_desktop_arrow_size":20,"notification_link_text_mobile":"","notification_link":"","notification_link_text_color":"#a1decd","notification_link_text_color_hover":"#a1decd","notification_link_mobile_icons_size":18,"notification_mobile_icon_1":"shopify:\/\/shop_images\/fire_256x256_crop_center_4b4134a1-6812-4291-b393-51ae0230082d.png","notification_mobile_icon_2":"shopify:\/\/shop_images\/fire_256x256_crop_center_4b4134a1-6812-4291-b393-51ae0230082d.png","notification_link_text_font_size":14,"notification_link_text_font_weight":"400","notification_link_click_action":"new_tab","notification_popup_title_font_size":24,"notification_popup_title_font_size_mb":18,"notfication_popup_description":"Lorem ipsum dolor sit amet, consectetur adipiscing elit, sed do eiusmod tempor incididunt ut labore et dolore magna aliqua. Ut enim ad minim veniam, quis nostrud exercitation ullamco laboris nisi ut aliquip ex ea commodo consequat. Duis aute irure dolor in reprehenderit in voluptate velit esse cillum dolore eu fugiat nulla pariatur. Excepteur sint occaecat cupidatat non proident, sunt in culpa qui officia deserunt mollit anim id est laborum.","notification_popup_image":"shopify:\/\/shop_images\/Screenshot_2_84e0c2f0-e69b-4ebe-9a2a-25dbe149170f.png","notification_popup_link":"#","notification_popup_link_title_color":"#683fe4","show_review":true,"product_review_full_color":"#000000","product_review_empty_color":"#e4e4e4","checkout_logo_image":"shopify:\/\/shop_images\/logo-parallax.png","layout_header":"custom_width","header_custom_width_size":1800,"layout_footer":"custom_width","footer_custom_width_size":1800,"header_mobile_layout":"01","header_layout":"02","type_footer_heading":"font_1","type_footer_heading_font_size":16,"type_footer_heading_font_weight":"700","type_footer_heading_text_transform":"uppercase","type_footer_heading_line_height":28,"type_footer_heading_letter_spacing":"0","type_footer_link":"font_1","type_footer_link_font_size":14,"type_footer_link_text_transform":"capitalize","type_footer_link_line_height":35,"type_footer_link_letter_spacing":"0","share_product_type":"addthis","someone_purchase_product_1":"dempus-lortis-cosmo-sapiendo","someone_purchase_product_2":"dempus-lortis-cosmo-sapiendo-3","someone_purchase_from_ago_2":"Melbourne, AU","someone_purchase_time_ago_2":"15","someone_purchase_product_3":"sample-product-12-clothing-and-accessory-boutiques-for-sale","someone_purchase_from_ago_3":"Sydney, AU","someone_purchase_time_ago_3":"10","someone_purchase_product_4":"sample-product-16-clothing-and-accessory-boutiques-for-sale","someone_purchase_from_ago_4":"Albury, AU","someone_purchase_time_ago_4":"25","someone_purchase_product_5":"sample-product-22-clothing-and-accessory-boutiques-for-sale","someone_purchase_from_ago_5":"New York, US","someone_purchase_time_ago_5":"30","someone_purchase_product_6":"sample-product-2-clothing-and-accessory-boutiques-for-sale","someone_purchase_from_ago_6":"New Deli, India","someone_purchase_product_7":"sample-product-23-clothing-and-accessory-boutiques-for-sale","someone_purchase_from_ago_7":"London, UK","someone_purchase_time_ago_7":"15","someone_purchase_product_8":"sample-product-28-clothing-and-accessory-boutiques-for-sale","someone_purchase_from_ago_8":"Tokyo, Japan","someone_purchase_time_ago_8":"25","someone_purchase_product_9":"sample-product-13-clothing-and-accessory-boutiques-for-sale","someone_purchase_from_ago_9":"Beijing, China","someone_purchase_time_ago_9":"30","someone_purchase_product_10":"sample-product-35-clothing-and-accessory-boutiques-for-sale","enable_multiple_currencies":true,"type_arrow_size":35,"enable_gradient_button_filter":true,"enable_gradient_button_card":false,"gradient_button_card_color_1":"#ec6131","gradient_button_card_color_2":"#e7334f","enable_gradient_button_1":false,"enable_gradient_button_2":false,"enable_gradient_button_3":false,"colors_loading_icon":"#fff","vendor_text_transform":"uppercase","product_action_group_position":"left","search_product_image_ratio":"portrait","quick_edit_cart_image_ratio":"adapt","quick_cart_redirect_button_type":"3","quick_cart_btn_2":"1","quick_cart_type":"popup","product_swatch_type":"grid","newsletter_popup_style":"2","accent_badge_color_scheme":"background-2","custom_width_size":1600,"quick_cart_popular_product_type":"2","calculator_free_shipping_message_style":"3","free_shipping_borderw":0,"customer_login_type":"sidebar","body_line_height":50,"body_letter_spacing":".02em","content_for_index":[]}}